18/01/2023 09:00,Chesterfield,Ryan Evans,Regular Flavoured latte - Hazelnut - 2.55,2.55,CASH,
18/01/2023 09:02,Chesterfield,Ellen Favela,"Large Flavoured iced latte - Vanilla - 3.25, Large Flavoured iced latte - Hazelnut - 3.25",6.5,CASH,
18/01/2023 09:04,Chesterfield,John Cho,Large Flavoured iced latte - Vanilla - 3.25,3.25,CARD,8956512600728338
18/01/2023 09:06,Chesterfield,Brian Kim,"Large Flavoured iced latte - Vanilla - 3.25, Large Flavoured latte - Hazelnut - 2.85, Large Flavoured iced latte - Caramel - 3.25",9.35,CARD,9717443642760870
18/01/2023 09:08,Chesterfield,Chasity Dubois,"Large Flavoured iced latte - Hazelnut - 3.25, Regular Latte - 2.15",5.4,CARD,1090216360701282
18/01/2023 09:10,Chesterfield,Carrie Walters,"Regular Flavoured latte - Hazelnut - 2.55, Regular Flavoured latte - Hazelnut - 2.55",5.1,CASH,
18/01/2023 09:12,Chesterfield,Leslie Holzman,"Regular Flavoured iced latte - Hazelnut - 2.75, Regular Flavoured iced latte - Caramel - 2.75, Large Latte - 2.45, Large Flavoured iced latte - Vanilla - 3.25",11.2,CASH,
18/01/2023 09:14,Chesterfield,Patricia Carney,"Large Flavoured iced latte - Hazelnut - 3.25, Large Latte - 2.45",5.7,CARD,4261901414064098
18/01/2023 09:17,Chesterfield,William Gray,"Large Flavoured latte - Hazelnut - 2.85, Regular Latte - 2.15, Regular Flat white - 2.15, Large Latte - 2.45, Large Flavoured iced latte - Vanilla - 3.25, Large Flavoured iced latte - Hazelnut - 3.25",16.1,CARD,5258163329262809
18/01/2023 09:19,Chesterfield,Janet Pearce,"Large Flavoured iced latte - Hazelnut - 3.25, Regular Flavoured latte - Hazelnut - 2.55, Large Flat white - 2.45, Regular Latte - 2.15",10.4,CASH,
18/01/2023 09:21,Chesterfield,Jack Sparrow,"Regular Latte - 2.15, Large Flavoured iced latte - Caramel - 3.25",5.4,CARD,8361945230090651
18/01/2023 09:23,Chesterfield,Doris Crews,Large Flat white - 2.45,2.45,CASH,
18/01/2023 09:25,Chesterfield,Charles Swick,"Regular Flavoured iced latte - Vanilla - 2.75, Regular Flavoured iced latte - Vanilla - 2.75, Large Flat white - 2.45",7.95,CASH,
18/01/2023 09:27,Chesterfield,Gary Mccoy,"Large Flavoured latte - Hazelnut - 2.85, Large Flat white - 2.45",5.3,CASH,
18/01/2023 09:29,Chesterfield,Betty Shawgo,"Large Flavoured iced latte - Caramel - 3.25, Regular Flavoured iced latte - Caramel - 2.75, Large Flavoured iced latte - Vanilla - 3.25, Regular Latte - 2.15, Large Flat white - 2.45, Large Flat white - 2.45",16.3,CARD,6682343305466508
18/01/2023 09:32,Chesterfield,Tasha Reich,"Large Flavoured iced latte - Caramel - 3.25, Large Flat white - 2.45",5.7,CARD,4273241704909451
18/01/2023 09:34,Chesterfield,Doreen Honaker,Large Flavoured iced latte - Caramel - 3.25,3.25,CARD,1165061507734321
18/01/2023 09:36,Chesterfield,Larry Tolman,"Large Flat white - 2.45, Large Flavoured iced latte - Vanilla - 3.25, Regular Flavoured latte - Hazelnut - 2.55, Regular Flavoured iced latte - Vanilla - 2.75, Regular Flavoured latte - Hazelnut - 2.55",13.55,CARD,5248951249747826
18/01/2023 09:38,Chesterfield,Doris Pagan,Large Flavoured iced latte - Caramel - 3.25,3.25,CARD,5573328814359889
18/01/2023 09:40,Chesterfield,William Greer,"Large Flavoured iced latte - Caramel - 3.25, Large Flavoured iced latte - Vanilla - 3.25, Regular Latte - 2.15, Large Flavoured iced latte - Vanilla - 3.25, Large Flavoured iced latte - Hazelnut - 3.25, Regular Flavoured latte - Hazelnut - 2.55",17.7,CASH,
18/01/2023 09:42,Chesterfield,Edward Failor,"Regular Flavoured iced latte - Hazelnut - 2.75, Large Flavoured iced latte - Caramel - 3.25",6.0,CARD,1494073312139619
18/01/2023 09:44,Chesterfield,Laura Chaney,"Regular Flavoured iced latte - Hazelnut - 2.75, Large Latte - 2.45, Large Flat white - 2.45, Large Flat white - 2.45",10.1,CASH,
18/01/2023 09:46,Chesterfield,Jerry Cameron,"Large Flavoured iced latte - Vanilla - 3.25, Regular Flavoured iced latte - Vanilla - 2.75, Large Flavoured iced latte - Hazelnut - 3.25, Large Flavoured iced latte - Caramel - 3.25, Large Flavoured iced latte - Caramel - 3.25",15.75,CARD,7230712231832745
18/01/2023 09:49,Chesterfield,Roger Barrett,"Regular Flat white - 2.15, Regular Flavoured latte - Hazelnut - 2.55, Regular Flavoured latte - Hazelnut - 2.55, Regular Latte - 2.15, Large Flavoured latte - Hazelnut - 2.85, Regular Flavoured iced latte - Caramel - 2.75",15.0,CASH,
18/01/2023 09:51,Chesterfield,Kevin Gracely,"Regular Flavoured iced latte - Vanilla - 2.75, Regular Flavoured iced latte - Hazelnut - 2.75, Large Flat white - 2.45, Large Flat white - 2.45, Regular Latte - 2.15, Large Latte - 2.45",15.0,CASH,
18/01/2023 09:53,Chesterfield,Benny Huston,"Regular Flavoured iced latte - Hazelnut - 2.75, Large Latte - 2.45",5.2,CARD,9706658677452173
18/01/2023 09:55,Chesterfield,Kim Sosa,Large Flavoured iced latte - Hazelnut - 3.25,3.25,CARD,2197223849012687
18/01/2023 09:57,Chesterfield,Kymberly Sirwet,"Regular Latte - 2.15, Large Flavoured iced latte - Hazelnut - 3.25, Large Flavoured iced latte - Hazelnut - 3.25",8.65,CARD,7536562671017431
18/01/2023 09:59,Chesterfield,John Lazarus,"Regular Flat white - 2.15, Regular Flat white - 2.15, Large Flavoured iced latte - Vanilla - 3.25, Regular Flavoured iced latte - Caramel - 2.75",10.3,CARD,7465637701621106
18/01/2023 10:01,Chesterfield,Dusty Vickers,"Regular Flavoured iced latte - Hazelnut - 2.75, Regular Flavoured iced latte - Hazelnut - 2.75",5.5,CASH,
18/01/2023 10:02,Chesterfield,Carole Williams,"Regular Flavoured latte - Hazelnut - 2.55, Regular Flavoured iced latte - Caramel - 2.75",5.3,CARD,6407216787271374
18/01/2023 10:03,Chesterfield,Ruth Heras,"Large Flavoured iced latte - Caramel - 3.25, Large Flat white - 2.45, Regular Flavoured iced latte - Vanilla - 2.75, Regular Flavoured iced latte - Hazelnut - 2.75",11.2,CARD,3786108162197978
18/01/2023 10:04,Chesterfield,Annalisa Stovall,"Large Flavoured latte - Hazelnut - 2.85, Large Latte - 2.45, Large Flavoured latte - Hazelnut - 2.85, Regular Flavoured latte - Hazelnut - 2.55",10.7,CARD,4248044148120594
18/01/2023 10:05,Chesterfield,Carole Chapa,"Large Flavoured iced latte - Vanilla - 3.25, Regular Flavoured latte - Hazelnut - 2.55, Large Flavoured iced latte - Vanilla - 3.25, Regular Flat white - 2.15, Large Flavoured iced latte - Hazelnut - 3.25, Regular Flavoured iced latte - Caramel - 2.75",17.2,CARD,1451842486644525
18/01/2023 10:06,Chesterfield,Frances Welch,"Large Flavoured iced latte - Hazelnut - 3.25, Large Flavoured iced latte - Hazelnut - 3.25",6.5,CASH,
18/01/2023 10:07,Chesterfield,Virginia Marquardt,"Large Flavoured iced latte - Hazelnut - 3.25, Regular Flavoured iced latte - Hazelnut - 2.75, Regular Flavoured iced latte - Hazelnut - 2.75",8.75,CARD,7972393640312471
18/01/2023 10:08,Chesterfield,Erik Lewis,"Large Flat white - 2.45, Regular Flavoured iced latte - Hazelnut - 2.75, Large Flat white - 2.45",7.65,CASH,
18/01/2023 10:09,Chesterfield,Tiffany Leavens,"Large Flavoured iced latte - Vanilla - 3.25, Regular Flavoured iced latte - Vanilla - 2.75, Regular Flavoured iced latte - Caramel - 2.75, Large Flavoured iced latte - Caramel - 3.25",12.0,CARD,4583435645160691
18/01/2023 10:10,Chesterfield,Roland Fox,"Regular Flavoured iced latte - Hazelnut - 2.75, Regular Flat white - 2.15, Large Flat white - 2.45",7.35,CARD,8075135078136043
18/01/2023 10:11,Chesterfield,Michael Ashton,"Large Latte - 2.45, Large Flat white - 2.45, Large Latte - 2.45, Regular Flavoured iced latte - Vanilla - 2.75",10.1,CARD,7682464017292829
18/01/2023 10:12,Chesterfield,Rose Watson,"Regular Latte - 2.15, Large Flavoured iced latte - Vanilla - 3.25, Regular Latte - 2.15",7.55,CARD,4485043691233832
18/01/2023 10:13,Chesterfield,Barbara Pittman,"Large Flavoured latte - Hazelnut - 2.85, Large Flat white - 2.45",5.3,CARD,8949330615939105
18/01/2023 10:14,Chesterfield,Christina Faubion,Large Flavoured iced latte - Hazelnut - 3.25,3.25,CASH,
18/01/2023 10:15,Chesterfield,Zachary Allen,"Regular Flavoured iced latte - Vanilla - 2.75, Regular Flat white - 2.15, Large Flat white - 2.45",7.35,CASH,
18/01/2023 10:16,Chesterfield,William Simpkins,"Large Flat white - 2.45, Large Flat white - 2.45, Regular Flat white - 2.15, Regular Flavoured latte - Hazelnut - 2.55",9.6,CARD,5857270792070529
18/01/2023 10:17,Chesterfield,Margaret Chapple,"Large Latte - 2.45, Regular Flavoured iced latte - Vanilla - 2.75, Large Flat white - 2.45, Regular Flavoured iced latte - Hazelnut - 2.75",10.4,CARD,3857394806903795
18/01/2023 10:18,Chesterfield,Chad Croteau,"Regular Flavoured iced latte - Caramel - 2.75, Regular Flat white - 2.15",4.9,CASH,
18/01/2023 10:19,Chesterfield,Maryann Smart,"Regular Flavoured iced latte - Vanilla - 2.75, Large Flavoured iced latte - Caramel - 3.25, Regular Latte - 2.15, Regular Flavoured iced latte - Caramel - 2.75, Regular Flavoured iced latte - Vanilla - 2.75",13.65,CARD,4415428015385193
18/01/2023 10:20,Chesterfield,Brenda Benjamin,"Regular Flavoured iced latte - Hazelnut - 2.75, Regular Flavoured iced latte - Hazelnut - 2.75",5.5,CARD,7047999336908217
18/01/2023 10:21,Chesterfield,Charles Simmons,"Large Flat white - 2.45, Regular Flavoured iced latte - Hazelnut - 2.75",5.2,CASH,
18/01/2023 10:22,Chesterfield,Stephanie Maxwell,"Large Flavoured iced latte - Vanilla - 3.25, Regular Flavoured latte - Hazelnut - 2.55, Large Flat white - 2.45, Regular Flavoured iced latte - Vanilla - 2.75",11.0,CARD,3255710895719012
18/01/2023 10:23,Chesterfield,Larry Raney,"Regular Flavoured iced latte - Vanilla - 2.75, Large Flat white - 2.45, Large Flavoured latte - Hazelnut - 2.85, Regular Flavoured iced latte - Vanilla - 2.75",10.8,CARD,1430940145277158
18/01/2023 10:24,Chesterfield,Kim Guillotte,"Large Flat white - 2.45, Large Flavoured latte - Hazelnut - 2.85",5.3,CARD,6466383455194448
18/01/2023 10:25,Chesterfield,Lorraine Wilson,"Large Flavoured latte - Hazelnut - 2.85, Regular Flavoured iced latte - Hazelnut - 2.75",5.6,CASH,
18/01/2023 10:26,Chesterfield,Gerald Cooper,"Large Flavoured iced latte - Caramel - 3.25, Large Flat white - 2.45",5.7,CARD,6939424670827101
18/01/2023 10:27,Chesterfield,Douglas Stivers,Regular Flavoured iced latte - Hazelnut - 2.75,2.75,CASH,
18/01/2023 10:27,Chesterfield,Beatrice Latsko,"Regular Flavoured iced latte - Vanilla - 2.75, Large Flat white - 2.45",5.2,CASH,
18/01/2023 10:28,Chesterfield,Kyle Spink,"Regular Flavoured latte - Hazelnut - 2.55, Regular Latte - 2.15",4.7,CARD,9111228007809744
18/01/2023 10:29,Chesterfield,Vivian Marshall,"Large Flavoured iced latte - Caramel - 3.25, Regular Flavoured iced latte - Hazelnut - 2.75, Large Flavoured iced latte - Vanilla - 3.25",9.25,CARD,6558241050414953
18/01/2023 10:30,Chesterfield,Arlie Merriman,Large Flavoured latte - Hazelnut - 2.85,2.85,CARD,2081046083427227
18/01/2023 10:31,Chesterfield,Beatrice Swaney,"Regular Flat white - 2.15, Large Latte - 2.45, Large Flavoured iced latte - Vanilla - 3.25",7.85,CARD,1468002287952199
18/01/2023 10:32,Chesterfield,Anne Aasen,"Regular Flavoured iced latte - Caramel - 2.75, Regular Flat white - 2.15",4.9,CARD,1114596046093686
18/01/2023 10:33,Chesterfield,Ossie Mickelson,Regular Flavoured iced latte - Vanilla - 2.75,2.75,CARD,9143024076438791
18/01/2023 10:34,Chesterfield,Donald Leleux,"Large Flavoured latte - Hazelnut - 2.85, Large Flavoured iced latte - Hazelnut - 3.25",6.1,CARD,2832318858572618
18/01/2023 10:35,Chesterfield,Jane Leesman,"Regular Flavoured iced latte - Vanilla - 2.75, Regular Flat white - 2.15",4.9,CARD,1062076724093257
18/01/2023 10:36,Chesterfield,Carol Casillas,Large Flat white - 2.45,2.45,CASH,
18/01/2023 10:37,Chesterfield,Wesley Gallo,"Regular Flavoured iced latte - Hazelnut - 2.75, Regular Flavoured iced latte - Hazelnut - 2.75, Regular Latte - 2.15",7.65,CASH,
18/01/2023 10:38,Chesterfield,Casimira Hardin,"Regular Flavoured iced latte - Hazelnut - 2.75, Regular Latte - 2.15",4.9,CARD,2115336663882922
18/01/2023 10:39,Chesterfield,Willie Cline,"Large Flat white - 2.45, Large Flavoured iced latte - Caramel - 3.25, Large Flavoured iced latte - Hazelnut - 3.25",8.95,CARD,2992748370988643
18/01/2023 10:40,Chesterfield,Melody Espinal,"Regular Flat white - 2.15, Regular Flavoured iced latte - Hazelnut - 2.75, Regular Latte - 2.15, Large Flavoured iced latte - Caramel - 3.25",10.3,CARD,2392833209695556
18/01/2023 10:41,Chesterfield,Bobbie Perez,"Large Flat white - 2.45, Regular Flat white - 2.15, Regular Flavoured iced latte - Vanilla - 2.75, Large Flavoured latte - Hazelnut - 2.85",10.2,CASH,
18/01/2023 10:42,Chesterfield,Craig Lakin,"Large Flavoured iced latte - Caramel - 3.25, Large Flavoured latte - Hazelnut - 2.85, Large Flat white - 2.45, Large Flavoured iced latte - Caramel - 3.25, Large Flavoured iced latte - Caramel - 3.25",15.05,CARD,4754498501565449
18/01/2023 10:43,Chesterfield,Michael Spada,"Large Flavoured latte - Hazelnut - 2.85, Regular Latte - 2.15, Large Flavoured latte - Hazelnut - 2.85",7.85,CARD,3795044980700396
18/01/2023 10:44,Chesterfield,Vicente Becerra,"Regular Flavoured iced latte - Caramel - 2.75, Large Flat white - 2.45",5.2,CASH,
18/01/2023 10:45,Chesterfield,Todd Albert,"Large Flat white - 2.45, Regular Latte - 2.15, Regular Flat white - 2.15, Regular Flavoured iced latte - Vanilla - 2.75",9.5,CARD,6747376712641534
18/01/2023 10:46,Chesterfield,Sarah Barron,Regular Flat white - 2.15,2.15,CASH,
18/01/2023 10:47,Chesterfield,George Nieves,Large Flat white - 2.45,2.45,CARD,6714795402053858
18/01/2023 10:48,Chesterfield,Brandon Plummer,Large Flavoured iced latte - Hazelnut - 3.25,3.25,CARD,3209122063998066
18/01/2023 10:49,Chesterfield,Steve Evans,"Regular Flavoured iced latte - Caramel - 2.75, Large Latte - 2.45, Large Flavoured iced latte - Caramel - 3.25, Regular Flavoured iced latte - Vanilla - 2.75, Large Flavoured latte - Hazelnut - 2.85",14.05,CASH,
18/01/2023 10:50,Chesterfield,James Zambelli,"Regular Latte - 2.15, Regular Latte - 2.15",4.3,CARD,3936260427203845
18/01/2023 10:51,Chesterfield,James Lovett,"Large Flavoured latte - Hazelnut - 2.85, Large Flavoured iced latte - Vanilla - 3.25, Regular Flat white - 2.15, Large Flavoured iced latte - Vanilla - 3.25, Regular Flavoured iced latte - Caramel - 2.75",14.25,CASH,
18/01/2023 10:52,Chesterfield,Neil Gorman,"Regular Flavoured iced latte - Hazelnut - 2.75, Large Latte - 2.45",5.2,CASH,
18/01/2023 10:53,Chesterfield,Karen Klouda,"Large Latte - 2.45, Regular Flavoured latte - Hazelnut - 2.55",5.0,CARD,3123302611587788
18/01/2023 10:54,Chesterfield,Zachary Marks,"Regular Flavoured iced latte - Hazelnut - 2.75, Large Flavoured latte - Hazelnut - 2.85",5.6,CARD,5286296831979255
18/01/2023 10:55,Chesterfield,Jerome Johnson,Regular Flat white - 2.15,2.15,CARD,5687174301955471
18/01/2023 10:56,Chesterfield,Paul George,"Large Flavoured latte - Hazelnut - 2.85, Regular Flavoured iced latte - Vanilla - 2.75, Large Flavoured iced latte - Caramel - 3.25",8.85,CARD,2499724741618515
18/01/2023 10:56,Chesterfield,Ruth Murphy,"Regular Flavoured iced latte - Hazelnut - 2.75, Large Latte - 2.45, Regular Flavoured latte - Hazelnut - 2.55, Large Flavoured iced latte - Hazelnut - 3.25, Regular Flat white - 2.15",13.15,CARD,1669318350423480
18/01/2023 10:57,Chesterfield,Antonio Mcclain,"Regular Flavoured iced latte - Hazelnut - 2.75, Regular Flavoured latte - Hazelnut - 2.55, Regular Flavoured iced latte - Hazelnut - 2.75",8.05,CARD,8020342152062335
18/01/2023 10:58,Chesterfield,Ray Mattera,Regular Flavoured iced latte - Vanilla - 2.75,2.75,CASH,
18/01/2023 10:59,Chesterfield,John Edgley,"Regular Latte - 2.15, Large Flat white - 2.45, Large Flavoured iced latte - Caramel - 3.25",7.85,CARD,3220796181159082
18/01/2023 11:00,Chesterfield,Craig Trujillo,"Regular Flat white - 2.15, Large Flat white - 2.45",4.6,CASH,
18/01/2023 11:03,Chesterfield,Kimberly Stagg,"Large Flavoured latte - Hazelnut - 2.85, Regular Flavoured iced latte - Hazelnut - 2.75",5.6,CARD,5211324062040559
18/01/2023 11:06,Chesterfield,Mary Ganong,Large Latte - 2.45,2.45,CASH,
18/01/2023 11:08,Chesterfield,Joseph Spencer,"Large Flavoured iced latte - Hazelnut - 3.25, Regular Latte - 2.15, Large Flat white - 2.45, Large Latte - 2.45",10.3,CARD,9922816900176233
18/01/2023 11:11,Chesterfield,Michelle Goins,"Large Latte - 2.45, Large Flavoured iced latte - Hazelnut - 3.25",5.7,CARD,3717084091015939
18/01/2023 11:13,Chesterfield,Adam Westfall,Large Flavoured iced latte - Vanilla - 3.25,3.25,CARD,7526830986774818
18/01/2023 11:16,Chesterfield,Gloria Myers,Large Flavoured latte - Hazelnut - 2.85,2.85,CARD,5518080904744556
18/01/2023 11:19,Chesterfield,Danny Miller,"Large Flavoured latte - Hazelnut - 2.85, Regular Flavoured iced latte - Vanilla - 2.75, Large Flat white - 2.45, Large Flavoured iced latte - Caramel - 3.25, Large Flat white - 2.45",13.75,CARD,9219696779770321
18/01/2023 11:21,Chesterfield,Michael Renteria,"Large Flavoured iced latte - Caramel - 3.25, Regular Flat white - 2.15, Large Flavoured iced latte - Caramel - 3.25, Large Flavoured iced latte - Hazelnut - 3.25",11.9,CARD,2699573124015593
18/01/2023 11:24,Chesterfield,Joseph Ivey,"Large Flavoured iced latte - Hazelnut - 3.25, Large Flat white - 2.45, Regular Flavoured latte - Hazelnut - 2.55, Regular Latte - 2.15, Regular Flavoured iced latte - Caramel - 2.75",13.15,CARD,1867553755506470
18/01/2023 11:26,Chesterfield,Richard Nikolai,"Regular Flavoured iced latte - Caramel - 2.75, Regular Flavoured latte - Hazelnut - 2.55, Regular Latte - 2.15",7.45,CARD,9647970628671969
18/01/2023 11:29,Chesterfield,Steven Rivas,"Large Flavoured iced latte - Caramel - 3.25, Large Flavoured iced latte - Vanilla - 3.25, Regular Flavoured iced latte - Vanilla - 2.75, Large Flavoured iced latte - Hazelnut - 3.25",12.5,CARD,8935948473257797
18/01/2023 11:32,Chesterfield,Donna Romo,"Large Flat white - 2.45, Regular Flat white - 2.15, Regular Flavoured latte - Hazelnut - 2.55",7.15,CARD,7574581616413804
18/01/2023 11:34,Chesterfield,Katie Goldizen,"Large Latte - 2.45, Large Latte - 2.45",4.9,CARD,2212928083482297
18/01/2023 11:37,Chesterfield,Jack Thomas,"Large Latte - 2.45, Regular Flavoured latte - Hazelnut - 2.55, Regular Latte - 2.15, Regular Flat white - 2.15",9.3,CARD,5654428991199285
18/01/2023 11:39,Chesterfield,Filomena Denson,"Regular Flavoured latte - Hazelnut - 2.55, Large Flat white - 2.45, Large Flavoured iced latte - Vanilla - 3.25, Regular Flavoured latte - Hazelnut - 2.55",10.8,CARD,5972917137699251
18/01/2023 11:42,Chesterfield,Julio Pea,"Large Flat white - 2.45, Regular Latte - 2.15, Large Flat white - 2.45, Large Latte - 2.45",9.5,CARD,7889771507470932
18/01/2023 11:45,Chesterfield,Willie Hesse,Regular Flavoured iced latte - Vanilla - 2.75,2.75,CARD,4438624610285110
18/01/2023 11:47,Chesterfield,Willie Nelson,"Regular Latte - 2.15, Large Flat white - 2.45, Regular Flavoured iced latte - Hazelnut - 2.75",7.35,CASH,
18/01/2023 11:50,Chesterfield,Daniel Kline,"Large Flat white - 2.45, Large Flavoured iced latte - Vanilla - 3.25, Large Flavoured latte - Hazelnut - 2.85",8.55,CARD,8105556180031694
18/01/2023 11:52,Chesterfield,Mark Olewine,"Large Latte - 2.45, Large Flavoured latte - Hazelnut - 2.85, Regular Flat white - 2.15, Large Flat white - 2.45, Large Flavoured iced latte - Vanilla - 3.25",13.15,CARD,3907462545722321
18/01/2023 11:55,Chesterfield,Nellie Gilliam,"Large Flavoured iced latte - Hazelnut - 3.25, Large Flavoured iced latte - Vanilla - 3.25, Large Latte - 2.45, Large Flavoured iced latte - Vanilla - 3.25",12.2,CARD,9589930421742128
18/01/2023 11:58,Chesterfield,Keith Garrett,"Large Flat white - 2.45, Large Flavoured iced latte - Hazelnut - 3.25, Regular Latte - 2.15, Regular Flavoured latte - Hazelnut - 2.55, Large Flat white - 2.45",12.85,CARD,5697999344839362
18/01/2023 12:00,Chesterfield,Tracy Beck,"Large Latte - 2.45, Regular Flavoured latte - Hazelnut - 2.55, Regular Flat white - 2.15, Large Flavoured iced latte - Hazelnut - 3.25",10.4,CARD,6068406473680370
18/01/2023 12:05,Chesterfield,Nathan Waring,"Regular Flavoured latte - Hazelnut - 2.55, Regular Flavoured latte - Hazelnut - 2.55, Large Flat white - 2.45",7.55,CARD,8807491146740307
18/01/2023 12:09,Chesterfield,Teresa Ashby,Large Latte - 2.45,2.45,CARD,9328709544383767
18/01/2023 12:14,Chesterfield,Susan Ford,Large Flavoured iced latte - Hazelnut - 3.25,3.25,CARD,5678571511989540
18/01/2023 12:19,Chesterfield,Gladys Walker,"Regular Latte - 2.15, Regular Flavoured iced latte - Vanilla - 2.75",4.9,CARD,3347297243663867
18/01/2023 12:23,Chesterfield,Peter Stewart,"Large Flat white - 2.45, Regular Flavoured iced latte - Vanilla - 2.75, Large Flavoured latte - Hazelnut - 2.85, Regular Flavoured iced latte - Vanilla - 2.75",10.8,CASH,
18/01/2023 12:28,Chesterfield,Kenneth Whitney,"Large Flavoured iced latte - Caramel - 3.25, Large Flavoured iced latte - Caramel - 3.25",6.5,CARD,6452649175473956
18/01/2023 12:32,Chesterfield,Beverly Siwiec,Large Flavoured latte - Hazelnut - 2.85,2.85,CASH,
18/01/2023 12:37,Chesterfield,Trenton Moss,"Large Flavoured iced latte - Vanilla - 3.25, Large Flat white - 2.45, Large Flavoured iced latte - Vanilla - 3.25, Regular Flavoured iced latte - Hazelnut - 2.75",11.7,CARD,4010305409633037
18/01/2023 12:42,Chesterfield,Ida Gallegos,Large Flat white - 2.45,2.45,CARD,6761730220071064
18/01/2023 12:46,Chesterfield,Sherry Crosby,"Large Flavoured iced latte - Caramel - 3.25, Regular Latte - 2.15, Regular Flavoured iced latte - Hazelnut - 2.75",8.15,CARD,3496889805749274
18/01/2023 12:51,Chesterfield,Robert Weber,"Regular Flavoured iced latte - Hazelnut - 2.75, Large Flavoured iced latte - Vanilla - 3.25",6.0,CASH,
18/01/2023 12:55,Chesterfield,Mabel Bednarz,"Large Latte - 2.45, Large Flavoured iced latte - Caramel - 3.25, Regular Flat white - 2.15",7.85,CARD,5991499531014549
18/01/2023 13:00,Chesterfield,Cindy Smith,"Large Flavoured iced latte - Vanilla - 3.25, Large Latte - 2.45, Large Latte - 2.45, Large Latte - 2.45, Large Flavoured iced latte - Caramel - 3.25",13.85,CASH,
18/01/2023 13:02,Chesterfield,Marilyn Tucker,"Large Flavoured latte - Hazelnut - 2.85, Large Flavoured iced latte - Hazelnut - 3.25, Large Latte - 2.45, Large Latte - 2.45, Regular Flat white - 2.15",13.15,CARD,5884945600218839
18/01/2023 13:04,Chesterfield,Anne Tasch,Large Latte - 2.45,2.45,CARD,4084204059348910
18/01/2023 13:06,Chesterfield,Bonnie Ruiz,"Large Flavoured iced latte - Vanilla - 3.25, Regular Latte - 2.15, Large Flavoured iced latte - Vanilla - 3.25",8.65,CARD,2410855623974483
18/01/2023 13:08,Chesterfield,Patricia Evans,"Large Flavoured latte - Hazelnut - 2.85, Regular Flavoured iced latte - Caramel - 2.75, Large Latte - 2.45",8.05,CARD,4493485453723381
18/01/2023 13:10,Chesterfield,Stephen Evans,"Regular Flavoured iced latte - Caramel - 2.75, Regular Flavoured iced latte - Caramel - 2.75, Large Flat white - 2.45, Large Flat white - 2.45",10.4,CARD,9705074901783328
18/01/2023 13:12,Chesterfield,Sarah Cardoza,"Regular Flavoured iced latte - Vanilla - 2.75, Regular Latte - 2.15, Large Flavoured iced latte - Hazelnut - 3.25, Large Flavoured iced latte - Vanilla - 3.25",11.4,CARD,1252455542519159
18/01/2023 13:15,Chesterfield,Christine Lynch,"Regular Flavoured latte - Hazelnut - 2.55, Large Flavoured iced latte - Caramel - 3.25, Large Flavoured iced latte - Hazelnut - 3.25, Large Flat white - 2.45",11.5,CARD,8022811394031892
18/01/2023 13:17,Chesterfield,Jerome Hart,"Large Latte - 2.45, Large Latte - 2.45, Regular Flat white - 2.15, Large Latte - 2.45, Large Flavoured iced latte - Vanilla - 3.25",12.75,CARD,6036428271147353
18/01/2023 13:19,Chesterfield,Timothy Harder,Large Flavoured iced latte - Vanilla - 3.25,3.25,CASH,
18/01/2023 13:21,Chesterfield,Luisa Clark,"Regular Flavoured latte - Hazelnut - 2.55, Regular Flavoured iced latte - Hazelnut - 2.75",5.3,CARD,6463302803815409
18/01/2023 13:23,Chesterfield,Robert Lopez,"Regular Flat white - 2.15, Large Flavoured iced latte - Hazelnut - 3.25",5.4,CARD,6053110415676399
18/01/2023 13:25,Chesterfield,George Oetzel,"Regular Flavoured iced latte - Vanilla - 2.75, Large Flavoured latte - Hazelnut - 2.85",5.6,CASH,
18/01/2023 13:27,Chesterfield,Christopher Odell,"Regular Flavoured iced latte - Hazelnut - 2.75, Large Flavoured iced latte - Hazelnut - 3.25, Regular Latte - 2.15, Regular Latte - 2.15",10.3,CASH,
18/01/2023 13:29,Chesterfield,Francisco Koonce,"Large Flat white - 2.45, Regular Flavoured iced latte - Hazelnut - 2.75, Large Flat white - 2.45, Regular Latte - 2.15, Regular Flat white - 2.15, Regular Flavoured iced latte - Vanilla - 2.75",14.7,CARD,5086673330365560
18/01/2023 13:31,Chesterfield,Bruce Hall,Regular Flavoured latte - Hazelnut - 2.55,2.55,CARD,5403812381544985
18/01/2023 13:33,Chesterfield,Laura Crumedy,Regular Flavoured latte - Hazelnut - 2.55,2.55,CASH,
18/01/2023 13:35,Chesterfield,Peggy Wooster,"Regular Flavoured iced latte - Hazelnut - 2.75, Regular Flat white - 2.15, Large Flavoured iced latte - Vanilla - 3.25, Regular Flavoured iced latte - Caramel - 2.75, Large Flat white - 2.45",13.35,CARD,7182831699850199
18/01/2023 13:37,Chesterfield,Marilyn Landa,"Regular Latte - 2.15, Large Flavoured latte - Hazelnut - 2.85, Large Flavoured iced latte - Vanilla - 3.25, Regular Latte - 2.15",10.4,CARD,6119598301192206
18/01/2023 13:39,Chesterfield,Daryl High,"Large Latte - 2.45, Regular Flavoured latte - Hazelnut - 2.55, Regular Flavoured latte - Hazelnut - 2.55",7.55,CARD,4636070002703021
18/01/2023 13:41,Chesterfield,Kimberly Kuhn,"Large Flavoured latte - Hazelnut - 2.85, Regular Flavoured iced latte - Hazelnut - 2.75, Regular Flavoured iced latte - Caramel - 2.75, Large Flat white - 2.45, Large Flat white - 2.45",13.25,CASH,
18/01/2023 13:43,Chesterfield,Alfred Covington,"Regular Flavoured iced latte - Caramel - 2.75, Large Flavoured iced latte - Caramel - 3.25, Large Flavoured iced latte - Caramel - 3.25, Regular Flavoured iced latte - Hazelnut - 2.75, Regular Flavoured iced latte - Caramel - 2.75",14.75,CARD,9693290869322596
18/01/2023 13:46,Chesterfield,Antonio Wolfe,"Large Flavoured iced latte - Vanilla - 3.25, Large Flavoured iced latte - Vanilla - 3.25",6.5,CARD,2461139895465458
18/01/2023 13:48,Chesterfield,Danny Taylor,"Regular Flavoured latte - Hazelnut - 2.55, Regular Flavoured iced latte - Vanilla - 2.75, Large Latte - 2.45",7.75,CARD,4643683193089123
18/01/2023 13:50,Chesterfield,Annie Ulrich,"Large Flat white - 2.45, Regular Latte - 2.15",4.6,CARD,5562844450732581
18/01/2023 13:52,Chesterfield,Thomas Roselli,"Large Flavoured iced latte - Vanilla - 3.25, Regular Latte - 2.15",5.4,CASH,
18/01/2023 13:54,Chesterfield,Laura Arruda,"Large Flavoured latte - Hazelnut - 2.85, Regular Flat white - 2.15",5.0,CASH,
18/01/2023 13:56,Chesterfield,David Sifre,Large Flat white - 2.45,2.45,CARD,3240902323900293
18/01/2023 13:58,Chesterfield,Lucia Browning,"Large Latte - 2.45, Regular Latte - 2.15, Regular Flavoured iced latte - Hazelnut - 2.75, Large Flavoured latte - Hazelnut - 2.85",10.2,CARD,9300935333658438
18/01/2023 14:00,Chesterfield,Rochelle Navarro,Regular Latte - 2.15,2.15,CASH,
18/01/2023 14:01,Chesterfield,Kathryne Charles,"Large Flat white - 2.45, Regular Flat white - 2.15, Regular Flavoured latte - Hazelnut - 2.55, Regular Flavoured iced latte - Vanilla - 2.75",9.9,CARD,6448391437036719
18/01/2023 14:03,Chesterfield,Lola Stennett,Large Flavoured iced latte - Vanilla - 3.25,3.25,CARD,7922274071000363
18/01/2023 14:04,Chesterfield,Juan Knudson,Regular Flavoured iced latte - Hazelnut - 2.75,2.75,CASH,
18/01/2023 14:05,Chesterfield,Diana Holman,"Large Flavoured latte - Hazelnut - 2.85, Large Flavoured latte - Hazelnut - 2.85",5.7,CARD,8476161709608425
18/01/2023 14:06,Chesterfield,Jerald Gilbertson,"Large Flavoured latte - Hazelnut - 2.85, Regular Flavoured iced latte - Hazelnut - 2.75, Large Latte - 2.45, Large Flat white - 2.45",10.5,CARD,4643651209671867
18/01/2023 14:08,Chesterfield,Martin Wojner,Large Flat white - 2.45,2.45,CARD,8628899426390577
18/01/2023 14:09,Chesterfield,Cynthia Hyslop,"Large Flavoured latte - Hazelnut - 2.85, Regular Flavoured iced latte - Caramel - 2.75, Large Latte - 2.45, Large Flavoured latte - Hazelnut - 2.85",10.9,CARD,7970055450271068
18/01/2023 14:10,Chesterfield,Cathy Summerlin,"Regular Flavoured latte - Hazelnut - 2.55, Large Flavoured iced latte - Caramel - 3.25, Large Latte - 2.45, Large Flavoured iced latte - Hazelnut - 3.25",11.5,CARD,9479479001666926
18/01/2023 14:11,Chesterfield,Christopher Laird,"Regular Flavoured iced latte - Vanilla - 2.75, Large Flavoured iced latte - Vanilla - 3.25, Large Flavoured latte - Hazelnut - 2.85",8.85,CARD,8609348692196630
18/01/2023 14:13,Chesterfield,Brandon Phernetton,"Large Flavoured iced latte - Hazelnut - 3.25, Large Flavoured iced latte - Vanilla - 3.25, Large Latte - 2.45",8.95,CARD,4745979836031222
18/01/2023 14:14,Chesterfield,Gregory Smith,"Regular Flavoured iced latte - Caramel - 2.75, Regular Flavoured latte - Hazelnut - 2.55",5.3,CARD,7260677412892237
18/01/2023 14:15,Chesterfield,Mary Barber,"Large Flat white - 2.45, Regular Latte - 2.15, Regular Flat white - 2.15",6.75,CARD,1965418521277578
18/01/2023 14:16,Chesterfield,Myrna Berrios,"Regular Flat white - 2.15, Large Flavoured latte - Hazelnut - 2.85, Regular Flavoured iced latte - Vanilla - 2.75, Large Flavoured iced latte - Caramel - 3.25",11.0,CARD,8990090711156618
18/01/2023 14:18,Chesterfield,Tiffany Rosario,"Large Flavoured latte - Hazelnut - 2.85, Large Flat white - 2.45",5.3,CASH,
18/01/2023 14:19,Chesterfield,Joe Zupancic,"Regular Flavoured iced latte - Hazelnut - 2.75, Regular Flavoured iced latte - Caramel - 2.75, Large Flavoured iced latte - Hazelnut - 3.25, Large Flat white - 2.45, Large Flavoured iced latte - Vanilla - 3.25",14.45,CARD,8156631670922190
18/01/2023 14:20,Chesterfield,Giselle Sekel,"Regular Flat white - 2.15, Large Latte - 2.45",4.6,CARD,9065613323288119
18/01/2023 14:22,Chesterfield,Jerry Moore,"Large Flavoured iced latte - Caramel - 3.25, Large Flavoured iced latte - Hazelnut - 3.25, Regular Flat white - 2.15, Large Flavoured latte - Hazelnut - 2.85, Regular Flat white - 2.15, Large Latte - 2.45",16.1,CASH,
18/01/2023 14:23,Chesterfield,Stewart Baxley,"Regular Latte - 2.15, Regular Flavoured iced latte - Hazelnut - 2.75, Regular Flavoured iced latte - Caramel - 2.75, Large Flavoured iced latte - Vanilla - 3.25, Large Flavoured iced latte - Vanilla - 3.25",14.15,CARD,5517868667894226
18/01/2023 14:24,Chesterfield,Kevin Durbin,"Regular Flavoured iced latte - Vanilla - 2.75, Regular Flavoured iced latte - Vanilla - 2.75, Large Flavoured iced latte - Hazelnut - 3.25, Regular Flavoured iced latte - Hazelnut - 2.75",11.5,CARD,4191075441299705
18/01/2023 14:25,Chesterfield,Mary Farrior,"Large Latte - 2.45, Large Flavoured iced latte - Caramel - 3.25",5.7,CASH,
18/01/2023 14:27,Chesterfield,Jason Kreider,"Large Flat white - 2.45, Large Latte - 2.45",4.9,CARD,5393924490307597
18/01/2023 14:28,Chesterfield,Margaret Coyle,"Large Latte - 2.45, Large Flavoured latte - Hazelnut - 2.85, Regular Flavoured iced latte - Hazelnut - 2.75, Regular Latte - 2.15",10.2,CASH,
18/01/2023 14:29,Chesterfield,Phillip Spears,"Large Flat white - 2.45, Regular Latte - 2.15, Large Flat white - 2.45, Regular Flat white - 2.15",9.2,CASH,
18/01/2023 14:30,Chesterfield,William Johnson,"Regular Flavoured iced latte - Hazelnut - 2.75, Large Flavoured latte - Hazelnut - 2.85, Regular Flavoured iced latte - Caramel - 2.75, Large Flavoured iced latte - Caramel - 3.25, Regular Flat white - 2.15, Regular Latte - 2.15",15.9,CARD,8443180940451141
18/01/2023 14:32,Chesterfield,Rose Gay,"Large Flavoured iced latte - Caramel - 3.25, Regular Flavoured iced latte - Vanilla - 2.75, Large Flat white - 2.45, Regular Flavoured latte - Hazelnut - 2.55, Regular Flavoured iced latte - Hazelnut - 2.75",13.75,CASH,
18/01/2023 14:33,Chesterfield,Rose Glass,"Regular Flavoured latte - Hazelnut - 2.55, Large Latte - 2.45",5.0,CARD,4941319785485159
18/01/2023 14:34,Chesterfield,Joseph Chandler,"Regular Flavoured iced latte - Vanilla - 2.75, Large Latte - 2.45",5.2,CARD,2164772580802702
18/01/2023 14:35,Chesterfield,Deborah Jones,"Large Flat white - 2.45, Regular Flavoured iced latte - Vanilla - 2.75",5.2,CARD,6743562527702523
18/01/2023 14:37,Chesterfield,Joan Ward,"Large Flavoured latte - Hazelnut - 2.85, Large Flavoured iced latte - Hazelnut - 3.25",6.1,CASH,
18/01/2023 14:38,Chesterfield,Chris Kelley,"Large Latte - 2.45, Regular Flavoured iced latte - Caramel - 2.75, Regular Latte - 2.15, Regular Flavoured iced latte - Hazelnut - 2.75, Regular Latte - 2.15",12.25,CASH,
18/01/2023 14:39,Chesterfield,Mary Dorais,"Large Flat white - 2.45, Large Flavoured latte - Hazelnut - 2.85",5.3,CARD,3849484937014070
18/01/2023 14:41,Chesterfield,Marvin Zuber,Regular Latte - 2.15,2.15,CARD,5100177384548445
18/01/2023 14:42,Chesterfield,Yesenia Hughes,"Regular Flat white - 2.15, Large Flavoured iced latte - Hazelnut - 3.25, Regular Flavoured latte - Hazelnut - 2.55",7.95,CARD,5532203433354049
18/01/2023 14:43,Chesterfield,Wayne Thomas,"Large Flavoured iced latte - Hazelnut - 3.25, Regular Flat white - 2.15, Regular Flavoured iced latte - Hazelnut - 2.75, Regular Flavoured iced latte - Hazelnut - 2.75",10.9,CARD,2099362348488529
18/01/2023 14:44,Chesterfield,Gary Blanche,"Regular Flavoured latte - Hazelnut - 2.55, Regular Flavoured iced latte - Vanilla - 2.75, Large Flavoured iced latte - Vanilla - 3.25, Regular Flavoured iced latte - Hazelnut - 2.75",11.3,CARD,7580939519867753
18/01/2023 14:46,Chesterfield,Marlene Ebeid,"Large Flavoured latte - Hazelnut - 2.85, Large Flavoured iced latte - Hazelnut - 3.25",6.1,CARD,2187643948519329
18/01/2023 14:47,Chesterfield,Alice Kelley,"Large Flavoured latte - Hazelnut - 2.85, Large Flavoured iced latte - Vanilla - 3.25, Large Flavoured iced latte - Caramel - 3.25",9.35,CARD,9805734015539695
18/01/2023 14:48,Chesterfield,John Boone,Regular Flat white - 2.15,2.15,CASH,
18/01/2023 14:49,Chesterfield,Maria Smith,"Regular Flat white - 2.15, Large Flat white - 2.45, Large Flavoured latte - Hazelnut - 2.85, Regular Flavoured iced latte - Caramel - 2.75",10.2,CARD,4056554871789557
18/01/2023 14:51,Chesterfield,Ronald Smith,"Regular Flat white - 2.15, Regular Flavoured iced latte - Hazelnut - 2.75, Large Flavoured latte - Hazelnut - 2.85, Regular Flat white - 2.15, Large Flavoured iced latte - Hazelnut - 3.25, Regular Flavoured iced latte - Vanilla - 2.75",15.9,CARD,4579534009370934
18/01/2023 14:52,Chesterfield,Charles Price,"Large Flavoured latte - Hazelnut - 2.85, Large Flavoured latte - Hazelnut - 2.85, Regular Flat white - 2.15, Regular Flavoured iced latte - Caramel - 2.75",10.6,CARD,1668548626630204
18/01/2023 14:53,Chesterfield,Brent Brown,Large Flavoured latte - Hazelnut - 2.85,2.85,CARD,3964604777872261
18/01/2023 14:54,Chesterfield,Belle Clark,"Large Flat white - 2.45, Large Flavoured iced latte - Caramel - 3.25, Regular Flat white - 2.15, Regular Flavoured iced latte - Vanilla - 2.75, Large Flavoured iced latte - Vanilla - 3.25, Large Flat white - 2.45",16.3,CASH,
18/01/2023 14:56,Chesterfield,Emma Soles,"Regular Flat white - 2.15, Large Latte - 2.45",4.6,CASH,
18/01/2023 14:57,Chesterfield,Linda Daymude,"Regular Flavoured iced latte - Vanilla - 2.75, Large Flat white - 2.45, Regular Latte - 2.15, Regular Flat white - 2.15, Large Latte - 2.45",11.95,CARD,3604596419213738
18/01/2023 14:58,Chesterfield,Stephen Evans,"Regular Flat white - 2.15, Regular Latte - 2.15, Large Latte - 2.45, Large Flat white - 2.45, Large Flavoured iced latte - Vanilla - 3.25, Large Flavoured iced latte - Hazelnut - 3.25",15.7,CARD,9825741960810078
18/01/2023 15:00,Chesterfield,Timothy Gaucin,"Large Flavoured iced latte - Caramel - 3.25, Large Latte - 2.45",5.7,CARD,3029492104143638
18/01/2023 15:01,Chesterfield,Bobby Burkett,Large Flavoured latte - Hazelnut - 2.85,2.85,CARD,9925797558614304
18/01/2023 15:02,Chesterfield,Roland Romanowski,"Large Latte - 2.45, Large Flavoured iced latte - Hazelnut - 3.25, Regular Flat white - 2.15, Large Latte - 2.45",10.3,CARD,3421491692895587
18/01/2023 15:03,Chesterfield,Bobby Brock,"Large Flat white - 2.45, Regular Flavoured iced latte - Hazelnut - 2.75, Regular Flat white - 2.15, Large Flat white - 2.45",9.8,CARD,8306568696599543
18/01/2023 15:05,Chesterfield,Rene Collins,"Large Flavoured latte - Hazelnut - 2.85, Regular Flat white - 2.15, Large Flavoured iced latte - Hazelnut - 3.25, Regular Flavoured latte - Hazelnut - 2.55",10.8,CARD,6788788527752193
18/01/2023 15:06,Chesterfield,Bong Vega,"Large Flavoured latte - Hazelnut - 2.85, Large Flavoured iced latte - Vanilla - 3.25, Large Flavoured iced latte - Caramel - 3.25, Regular Flavoured iced latte - Hazelnut - 2.75",12.1,CARD,6561930978575724
18/01/2023 15:07,Chesterfield,Amy Briggs,"Regular Flavoured latte - Hazelnut - 2.55, Large Flavoured iced latte - Caramel - 3.25, Large Flavoured iced latte - Hazelnut - 3.25, Regular Flat white - 2.15, Large Flavoured iced latte - Caramel - 3.25, Large Flavoured iced latte - Vanilla - 3.25",17.7,CASH,
18/01/2023 15:08,Chesterfield,Myles Wright,Large Latte - 2.45,2.45,CARD,4511652786924750
18/01/2023 15:10,Chesterfield,Alan Horstmann,Large Flavoured iced latte - Hazelnut - 3.25,3.25,CARD,6227110042959981
18/01/2023 15:11,Chesterfield,Ethan Lataille,"Regular Flavoured iced latte - Hazelnut - 2.75, Regular Flavoured iced latte - Caramel - 2.75, Large Flavoured iced latte - Vanilla - 3.25",8.75,CARD,9712061854468422
18/01/2023 15:12,Chesterfield,Natalie Culp,Regular Flat white - 2.15,2.15,CARD,4855174697535675
18/01/2023 15:13,Chesterfield,Thomas Farthing,"Large Flat white - 2.45, Regular Flavoured iced latte - Caramel - 2.75, Regular Flavoured iced latte - Caramel - 2.75",7.95,CASH,
18/01/2023 15:15,Chesterfield,Antonio Cantu,"Regular Latte - 2.15, Regular Flavoured iced latte - Caramel - 2.75, Regular Flavoured iced latte - Hazelnut - 2.75",7.65,CARD,6243320868413957
18/01/2023 15:16,Chesterfield,Esther Jackson,"Regular Flavoured iced latte - Hazelnut - 2.75, Regular Latte - 2.15",4.9,CASH,
18/01/2023 15:17,Chesterfield,Doyle Watts,"Large Flat white - 2.45, Regular Flavoured iced latte - Caramel - 2.75, Large Flavoured iced latte - Caramel - 3.25",8.45,CASH,
18/01/2023 15:18,Chesterfield,Pamela Smith,Regular Latte - 2.15,2.15,CARD,6789856369291753
18/01/2023 15:20,Chesterfield,Linda Mcelvain,"Regular Flavoured iced latte - Hazelnut - 2.75, Regular Flavoured latte - Hazelnut - 2.55, Regular Flat white - 2.15, Regular Flavoured iced latte - Vanilla - 2.75",10.2,CARD,3843716217966721
18/01/2023 15:21,Chesterfield,Jordan Oneil,"Large Flat white - 2.45, Large Latte - 2.45",4.9,CARD,4504973689666555
18/01/2023 15:22,Chesterfield,Herbert Pickering,"Regular Flat white - 2.15, Large Latte - 2.45, Large Flavoured iced latte - Caramel - 3.25",7.85,CASH,
18/01/2023 15:23,Chesterfield,Wendell Roberts,"Regular Flat white - 2.15, Large Latte - 2.45, Large Flavoured iced latte - Caramel - 3.25, Regular Latte - 2.15, Regular Flavoured iced latte - Hazelnut - 2.75",12.75,CARD,6838360335619881
18/01/2023 15:25,Chesterfield,Wendy Mcdowell,"Regular Flavoured latte - Hazelnut - 2.55, Large Flavoured latte - Hazelnut - 2.85, Large Flavoured iced latte - Hazelnut - 3.25",8.65,CARD,7333383500643245
18/01/2023 15:26,Chesterfield,Delores Farmer,"Regular Flavoured iced latte - Caramel - 2.75, Large Flavoured iced latte - Vanilla - 3.25",6.0,CASH,
18/01/2023 15:27,Chesterfield,Norbert Simoneau,"Large Flavoured latte - Hazelnut - 2.85, Large Flavoured iced latte - Hazelnut - 3.25, Regular Flavoured iced latte - Hazelnut - 2.75, Regular Flat white - 2.15",11.0,CARD,4709236151467446
18/01/2023 15:28,Chesterfield,James Dobrich,"Regular Flavoured latte - Hazelnut - 2.55, Large Latte - 2.45",5.0,CASH,
18/01/2023 15:30,Chesterfield,William Kelly,"Large Flat white - 2.45, Regular Latte - 2.15, Regular Flavoured latte - Hazelnut - 2.55",7.15,CASH,
18/01/2023 15:31,Chesterfield,Ramiro Lintz,"Large Flavoured iced latte - Hazelnut - 3.25, Regular Flavoured iced latte - Hazelnut - 2.75",6.0,CARD,6651042093853301
18/01/2023 15:32,Chesterfield,Jack Verkamp,"Regular Flavoured iced latte - Hazelnut - 2.75, Large Flavoured latte - Hazelnut - 2.85",5.6,CASH,
18/01/2023 15:33,Chesterfield,Joseph Hung,Regular Flavoured iced latte - Hazelnut - 2.75,2.75,CARD,3869615565386431
18/01/2023 15:35,Chesterfield,Jose Miller,"Regular Latte - 2.15, Regular Flavoured latte - Hazelnut - 2.55, Regular Flavoured iced latte - Caramel - 2.75, Regular Flavoured latte - Hazelnut - 2.55",10.0,CASH,
18/01/2023 15:36,Chesterfield,Jamie Washington,"Regular Flavoured latte - Hazelnut - 2.55, Large Flavoured latte - Hazelnut - 2.85, Large Flavoured iced latte - Hazelnut - 3.25, Regular Latte - 2.15, Regular Flavoured latte - Hazelnut - 2.55",13.35,CARD,4281689684464874
18/01/2023 15:37,Chesterfield,Janet Yerkey,Regular Flavoured iced latte - Vanilla - 2.75,2.75,CARD,5895141872216183
18/01/2023 15:38,Chesterfield,Noah Mccarthy,"Large Flavoured latte - Hazelnut - 2.85, Large Flavoured iced latte - Vanilla - 3.25, Regular Flavoured latte - Hazelnut - 2.55",8.65,CARD,1865146539954451
18/01/2023 15:40,Chesterfield,Juan Phillips,"Large Flat white - 2.45, Regular Flavoured latte - Hazelnut - 2.55",5.0,CASH,
18/01/2023 15:41,Chesterfield,Robert Davis,"Large Flavoured iced latte - Caramel - 3.25, Large Flavoured iced latte - Vanilla - 3.25, Regular Flat white - 2.15, Large Flavoured latte - Hazelnut - 2.85, Regular Flavoured latte - Hazelnut - 2.55",14.05,CASH,
18/01/2023 15:42,Chesterfield,Reuben Hardwick,"Large Flavoured iced latte - Vanilla - 3.25, Large Flavoured latte - Hazelnut - 2.85, Regular Flat white - 2.15",8.25,CARD,6582327350435538
18/01/2023 15:43,Chesterfield,Robert Witzke,"Large Flavoured iced latte - Vanilla - 3.25, Regular Flavoured iced latte - Caramel - 2.75, Regular Flat white - 2.15, Large Latte - 2.45",10.6,CARD,6038240129625486
18/01/2023 15:45,Chesterfield,Robert Wooden,"Regular Flavoured iced latte - Caramel - 2.75, Large Flavoured iced latte - Vanilla - 3.25",6.0,CARD,5484811113527242
18/01/2023 15:46,Chesterfield,Josphine Ball,Regular Flavoured iced latte - Caramel - 2.75,2.75,CASH,
18/01/2023 15:47,Chesterfield,Edwin Menz,"Large Latte - 2.45, Large Flavoured iced latte - Vanilla - 3.25",5.7,CARD,2083686199616060
18/01/2023 15:48,Chesterfield,Jim Fobes,Regular Flavoured latte - Hazelnut - 2.55,2.55,CASH,
18/01/2023 15:50,Chesterfield,Laura Bradley,"Large Latte - 2.45, Regular Flavoured latte - Hazelnut - 2.55, Large Flavoured iced latte - Caramel - 3.25, Large Flavoured iced latte - Vanilla - 3.25, Regular Flavoured iced latte - Vanilla - 2.75, Large Latte - 2.45",16.7,CARD,4214861288044892
18/01/2023 15:51,Chesterfield,August Christian,"Regular Flat white - 2.15, Large Flavoured iced latte - Hazelnut - 3.25, Regular Flat white - 2.15, Large Latte - 2.45",10.0,CARD,7519812966188493
18/01/2023 15:52,Chesterfield,Donald Trahern,Regular Flat white - 2.15,2.15,CARD,6468334120490769
18/01/2023 15:53,Chesterfield,Richard Smith,"Regular Flavoured latte - Hazelnut - 2.55, Regular Flavoured latte - Hazelnut - 2.55",5.1,CARD,9883536634326924
18/01/2023 15:55,Chesterfield,Joseph Buddington,"Regular Latte - 2.15, Regular Flat white - 2.15, Regular Flavoured latte - Hazelnut - 2.55, Regular Flavoured iced latte - Hazelnut - 2.75",9.6,CASH,
18/01/2023 15:56,Chesterfield,Mona Palmore,Large Flavoured latte - Hazelnut - 2.85,2.85,CASH,
18/01/2023 15:57,Chesterfield,Katherine Cox,"Large Latte - 2.45, Regular Latte - 2.15",4.6,CARD,6584253686016551
18/01/2023 15:58,Chesterfield,Eric Welch,"Regular Flavoured iced latte - Caramel - 2.75, Regular Flavoured iced latte - Vanilla - 2.75, Large Latte - 2.45, Regular Flavoured iced latte - Caramel - 2.75",10.7,CARD,1036278438268166
18/01/2023 16:00,Chesterfield,Paul Goff,"Large Latte - 2.45, Large Flavoured latte - Hazelnut - 2.85, Large Flat white - 2.45, Large Flavoured iced latte - Vanilla - 3.25",11.0,CASH,
18/01/2023 16:03,Chesterfield,Don Lieberman,"Regular Latte - 2.15, Large Flavoured latte - Hazelnut - 2.85, Large Flavoured latte - Hazelnut - 2.85, Regular Flat white - 2.15",10.0,CARD,6852675179481902
18/01/2023 16:07,Chesterfield,John Byrd,Large Latte - 2.45,2.45,CASH,
18/01/2023 16:10,Chesterfield,Thomas Brubaker,"Regular Flavoured iced latte - Vanilla - 2.75, Regular Flavoured iced latte - Hazelnut - 2.75",5.5,CARD,2586289696011014
18/01/2023 16:14,Chesterfield,Denise Nesby,"Regular Flavoured iced latte - Caramel - 2.75, Regular Latte - 2.15, Regular Flavoured iced latte - Caramel - 2.75",7.65,CASH,
18/01/2023 16:17,Chesterfield,Roberta Drabek,"Regular Flat white - 2.15, Large Latte - 2.45, Large Flat white - 2.45, Large Flavoured latte - Hazelnut - 2.85, Large Flavoured iced latte - Hazelnut - 3.25",13.15,CARD,6929584530279502
18/01/2023 16:21,Chesterfield,Leticia Zinger,"Regular Flavoured iced latte - Caramel - 2.75, Regular Flavoured iced latte - Hazelnut - 2.75, Regular Flat white - 2.15",7.65,CASH,
18/01/2023 16:24,Chesterfield,Kathy Black,"Regular Flat white - 2.15, Large Flavoured iced latte - Hazelnut - 3.25",5.4,CARD,3714196540961332
18/01/2023 16:28,Chesterfield,Marie Ortega,"Regular Flavoured iced latte - Hazelnut - 2.75, Regular Flavoured iced latte - Vanilla - 2.75, Large Flavoured iced latte - Vanilla - 3.25, Large Flavoured iced latte - Hazelnut - 3.25, Regular Flat white - 2.15",14.15,CASH,
18/01/2023 16:31,Chesterfield,Judith Zimmerman,"Regular Latte - 2.15, Large Flavoured iced latte - Caramel - 3.25, Large Flavoured iced latte - Caramel - 3.25, Large Flavoured iced latte - Hazelnut - 3.25",11.9,CARD,4575600673264626
18/01/2023 16:35,Chesterfield,Gary Lear,Large Flavoured iced latte - Caramel - 3.25,3.25,CASH,
18/01/2023 16:38,Chesterfield,Thad Martin,"Large Flavoured iced latte - Vanilla - 3.25, Large Flat white - 2.45, Large Flat white - 2.45, Large Latte - 2.45",10.6,CARD,2396271508659466
18/01/2023 16:42,Chesterfield,Julianne Wilson,"Regular Flavoured iced latte - Hazelnut - 2.75, Regular Flavoured iced latte - Caramel - 2.75",5.5,CASH,
18/01/2023 16:45,Chesterfield,Martin Green,"Regular Flavoured iced latte - Vanilla - 2.75, Regular Flavoured iced latte - Hazelnut - 2.75, Regular Flat white - 2.15",7.65,CARD,2875793938545376
18/01/2023 16:49,Chesterfield,James Brown,"Large Latte - 2.45, Regular Flavoured iced latte - Hazelnut - 2.75, Regular Flat white - 2.15, Regular Flavoured iced latte - Hazelnut - 2.75",10.1,CARD,8965780374411839
18/01/2023 16:52,Chesterfield,Mark Anderson,"Regular Flavoured iced latte - Vanilla - 2.75, Large Latte - 2.45",5.2,CARD,7905605618713134
18/01/2023 16:56,Chesterfield,David Vergin,"Regular Latte - 2.15, Regular Latte - 2.15, Large Flat white - 2.45",6.75,CARD,8645495918658538
18/01/2023 16:59,Chesterfield,Ignacio Noyes,Large Flavoured iced latte - Hazelnut - 3.25,3.25,CARD,2679258878689342
