07/12/2022 09:00,Longridge,Antonio Pilla,Regular Glass of milk - 0.70,0.7,CARD,4712286272382110
07/12/2022 09:01,Longridge,Michael Miller,Large Glass of milk - 1.10,1.1,CARD,7904927786724794
07/12/2022 09:02,Longridge,Renee Thompson,"Large Frappes - Strawberries & Cream - 3.25, Large Speciality Tea - Earl Grey - 1.60, Large Speciality Tea - Earl Grey - 1.60, Large Glass of milk - 1.10",7.55,CASH,
07/12/2022 09:03,Longridge,Ayanna Sewell,Regular Flavoured iced latte - Caramel - 2.75,2.75,CARD,6681017729256471
07/12/2022 09:04,Longridge,Shannon Hughes,"Large Smoothies - Glowing Greens - 2.50, Large Speciality Tea - Earl Grey - 1.60, Regular Glass of milk - 0.70",4.8,CARD,3304883440065301
07/12/2022 09:05,Longridge,Michael Lomboy,"Regular Mocha - 2.30, Large Mocha - 2.70, Regular Flavoured iced latte - Caramel - 2.75",7.75,CARD,9070284563674263
07/12/2022 09:06,Longridge,Barbara Wheeler,"Large Frappes - Strawberries & Cream - 3.25, Large Smoothies - Glowing Greens - 2.50",5.75,CASH,
07/12/2022 09:07,Longridge,Robert Coleman,Large Speciality Tea - Earl Grey - 1.60,1.6,CARD,7080700809874543
07/12/2022 09:08,Longridge,Edna Verdi,Large Speciality Tea - Earl Grey - 1.60,1.6,CARD,7389409586631743
07/12/2022 09:09,Longridge,Cynthia Wood,"Large Glass of milk - 1.10, Large Frappes - Strawberries & Cream - 3.25",4.35,CARD,2212108643250907
07/12/2022 09:10,Longridge,Eugene Mifflin,"Regular Frappes - Strawberries & Cream - 2.75, Large Glass of milk - 1.10, Large Frappes - Strawberries & Cream - 3.25",7.1,CASH,
07/12/2022 09:11,Longridge,Mark Baylock,"Large Mocha - 2.70, Large Mocha - 2.70, Regular Speciality Tea - Earl Grey - 1.30",6.7,CARD,5806975009080229
07/12/2022 09:13,Longridge,Todd Graham,"Large Frappes - Strawberries & Cream - 3.25, Large Speciality Tea - Earl Grey - 1.60",4.85,CARD,5868675442683401
07/12/2022 09:14,Longridge,Jim Hawk,"Regular Flavoured iced latte - Caramel - 2.75, Regular Flavoured iced latte - Caramel - 2.75, Regular Smoothies - Glowing Greens - 2.00, Regular Mocha - 2.30",9.8,CARD,4527435864390693
07/12/2022 09:15,Longridge,Norman Hicks,"Regular Speciality Tea - Earl Grey - 1.30, Large Flavoured iced latte - Caramel - 3.25, Large Frappes - Strawberries & Cream - 3.25, Large Glass of milk - 1.10",8.9,CARD,9970290708852801
07/12/2022 09:16,Longridge,Steven Carter,"Regular Mocha - 2.30, Large Mocha - 2.70, Regular Flavoured iced latte - Caramel - 2.75, Large Speciality Tea - Earl Grey - 1.60",9.35,CASH,
07/12/2022 09:17,Longridge,David Ebel,"Regular Flavoured iced latte - Caramel - 2.75, Large Frappes - Strawberries & Cream - 3.25",6.0,CARD,3885745862210911
07/12/2022 09:18,Longridge,Frank Brown,"Large Frappes - Strawberries & Cream - 3.25, Large Smoothies - Glowing Greens - 2.50",5.75,CARD,8123737141984433
07/12/2022 09:19,Longridge,Katherine Nelson,"Regular Smoothies - Glowing Greens - 2.00, Large Mocha - 2.70, Large Mocha - 2.70",7.4,CARD,4086233734213232
07/12/2022 09:20,Longridge,Nelson Adcock,"Regular Flavoured iced latte - Caramel - 2.75, Large Speciality Tea - Earl Grey - 1.60, Large Flavoured iced latte - Caramel - 3.25, Regular Smoothies - Glowing Greens - 2.00",9.6,CARD,5195779696649122
07/12/2022 09:21,Longridge,Richard Neill,"Regular Glass of milk - 0.70, Regular Frappes - Strawberries & Cream - 2.75, Regular Frappes - Strawberries & Cream - 2.75",6.2,CARD,5765233615277109
07/12/2022 09:22,Longridge,Art Miller,"Regular Mocha - 2.30, Large Flavoured iced latte - Caramel - 3.25",5.55,CASH,
07/12/2022 09:23,Longridge,Darrell Felty,"Regular Smoothies - Glowing Greens - 2.00, Regular Flavoured iced latte - Caramel - 2.75, Large Frappes - Strawberries & Cream - 3.25",8.0,CARD,2354017109617373
07/12/2022 09:24,Longridge,David Frazier,Large Speciality Tea - Earl Grey - 1.60,1.6,CARD,7650583602157569
07/12/2022 09:26,Longridge,Kenneth Werth,Regular Flavoured iced latte - Caramel - 2.75,2.75,CARD,5440739990708817
07/12/2022 09:27,Longridge,Calvin Standridge,"Large Frappes - Strawberries & Cream - 3.25, Large Smoothies - Glowing Greens - 2.50",5.75,CARD,9360351411525358
07/12/2022 09:28,Longridge,Sheila Lisonbee,Regular Smoothies - Glowing Greens - 2.00,2.0,CASH,
07/12/2022 09:29,Longridge,Ethel Calahan,Regular Speciality Tea - Earl Grey - 1.30,1.3,CARD,9371197780371971
07/12/2022 09:30,Longridge,Vicente Formella,"Regular Smoothies - Glowing Greens - 2.00, Large Speciality Tea - Earl Grey - 1.60",3.6,CARD,1374301808754964
07/12/2022 09:31,Longridge,Jeffrey Berman,"Regular Frappes - Strawberries & Cream - 2.75, Large Mocha - 2.70, Large Smoothies - Glowing Greens - 2.50, Regular Speciality Tea - Earl Grey - 1.30, Large Frappes - Strawberries & Cream - 3.25",12.5,CARD,7475700932463675
07/12/2022 09:32,Longridge,Lois Schwab,"Large Smoothies - Glowing Greens - 2.50, Large Frappes - Strawberries & Cream - 3.25",5.75,CARD,2856194909545572
07/12/2022 09:33,Longridge,Graciela Johnson,"Regular Flavoured iced latte - Caramel - 2.75, Regular Glass of milk - 0.70",3.45,CASH,
07/12/2022 09:34,Longridge,Pauline Mccoy,"Regular Speciality Tea - Earl Grey - 1.30, Large Frappes - Strawberries & Cream - 3.25, Regular Mocha - 2.30, Regular Glass of milk - 0.70",7.55,CARD,3417464134817193
07/12/2022 09:35,Longridge,Molly Swink,"Large Frappes - Strawberries & Cream - 3.25, Large Speciality Tea - Earl Grey - 1.60",4.85,CARD,9780597289809964
07/12/2022 09:36,Longridge,Lawrence Spencer,Large Frappes - Strawberries & Cream - 3.25,3.25,CARD,8903397807099848
07/12/2022 09:37,Longridge,Linda Williams,"Regular Smoothies - Glowing Greens - 2.00, Large Mocha - 2.70, Large Speciality Tea - Earl Grey - 1.60, Regular Mocha - 2.30",8.6,CARD,6863680902515554
07/12/2022 09:39,Longridge,Jeremy Knapchuck,"Large Flavoured iced latte - Caramel - 3.25, Regular Flavoured iced latte - Caramel - 2.75, Regular Flavoured iced latte - Caramel - 2.75",8.75,CARD,5129582859445581
07/12/2022 09:40,Longridge,Cassandra Right,"Regular Flavoured iced latte - Caramel - 2.75, Large Mocha - 2.70, Regular Speciality Tea - Earl Grey - 1.30, Regular Speciality Tea - Earl Grey - 1.30, Large Glass of milk - 1.10",9.15,CASH,
07/12/2022 09:41,Longridge,Stacy Roundtree,"Large Smoothies - Glowing Greens - 2.50, Regular Smoothies - Glowing Greens - 2.00, Regular Mocha - 2.30, Regular Smoothies - Glowing Greens - 2.00",8.8,CARD,7270717939488596
07/12/2022 09:42,Longridge,Mi Griffin,"Regular Smoothies - Glowing Greens - 2.00, Large Frappes - Strawberries & Cream - 3.25",5.25,CARD,3247979905694350
07/12/2022 09:43,Longridge,Dave Grace,"Regular Smoothies - Glowing Greens - 2.00, Large Frappes - Strawberries & Cream - 3.25, Regular Smoothies - Glowing Greens - 2.00",7.25,CARD,3328428930764049
07/12/2022 09:44,Longridge,William Johnson,"Large Glass of milk - 1.10, Large Flavoured iced latte - Caramel - 3.25, Large Glass of milk - 1.10, Regular Smoothies - Glowing Greens - 2.00",7.45,CARD,3337168495800408
07/12/2022 09:45,Longridge,Teresa Peller,"Regular Glass of milk - 0.70, Large Glass of milk - 1.10, Large Mocha - 2.70",4.5,CARD,1472263284812918
07/12/2022 09:46,Longridge,Carl Bowar,Regular Flavoured iced latte - Caramel - 2.75,2.75,CASH,
07/12/2022 09:47,Longridge,John Pope,Regular Mocha - 2.30,2.3,CASH,
07/12/2022 09:48,Longridge,Numbers Speth,"Large Flavoured iced latte - Caramel - 3.25, Regular Frappes - Strawberries & Cream - 2.75, Regular Glass of milk - 0.70",6.7,CARD,5087711253262034
07/12/2022 09:49,Longridge,Courtney Chism,"Regular Flavoured iced latte - Caramel - 2.75, Regular Glass of milk - 0.70, Regular Frappes - Strawberries & Cream - 2.75",6.2,CASH,
07/12/2022 09:50,Longridge,Ramon Miller,Large Smoothies - Glowing Greens - 2.50,2.5,CARD,1908644978908201
07/12/2022 09:52,Longridge,Joan Edwards,Large Mocha - 2.70,2.7,CARD,4409481534535236
07/12/2022 09:53,Longridge,Juanita Burkhart,"Large Mocha - 2.70, Regular Smoothies - Glowing Greens - 2.00, Large Flavoured iced latte - Caramel - 3.25, Regular Speciality Tea - Earl Grey - 1.30, Large Flavoured iced latte - Caramel - 3.25",12.5,CARD,4347629921430581
07/12/2022 09:54,Longridge,Delores Malloy,"Regular Glass of milk - 0.70, Regular Glass of milk - 0.70",1.4,CARD,5995907936069693
07/12/2022 09:55,Longridge,Jason Doucet,Large Speciality Tea - Earl Grey - 1.60,1.6,CARD,5598982855776903
07/12/2022 09:56,Longridge,Richard Woodall,"Regular Smoothies - Glowing Greens - 2.00, Large Frappes - Strawberries & Cream - 3.25",5.25,CASH,
07/12/2022 09:57,Longridge,Connie Booth,Large Frappes - Strawberries & Cream - 3.25,3.25,CARD,2411688826298266
07/12/2022 09:58,Longridge,William Almand,"Large Speciality Tea - Earl Grey - 1.60, Regular Mocha - 2.30, Regular Smoothies - Glowing Greens - 2.00, Large Speciality Tea - Earl Grey - 1.60, Regular Frappes - Strawberries & Cream - 2.75",10.25,CARD,9995631776467517
07/12/2022 09:59,Longridge,Grace Gomez,"Regular Glass of milk - 0.70, Regular Smoothies - Glowing Greens - 2.00",2.7,CASH,
07/12/2022 10:00,Longridge,Ron Flores,"Regular Smoothies - Glowing Greens - 2.00, Regular Flavoured iced latte - Caramel - 2.75, Large Speciality Tea - Earl Grey - 1.60",6.35,CARD,5173625649674958
07/12/2022 10:03,Longridge,Darren Sanchez,"Large Smoothies - Glowing Greens - 2.50, Large Mocha - 2.70, Large Smoothies - Glowing Greens - 2.50",7.7,CASH,
07/12/2022 10:06,Longridge,Ingrid Stitt,"Regular Mocha - 2.30, Large Smoothies - Glowing Greens - 2.50, Large Speciality Tea - Earl Grey - 1.60, Regular Smoothies - Glowing Greens - 2.00",8.4,CASH,
07/12/2022 10:10,Longridge,Chris Orozco,"Regular Mocha - 2.30, Large Mocha - 2.70, Large Glass of milk - 1.10, Regular Smoothies - Glowing Greens - 2.00, Large Flavoured iced latte - Caramel - 3.25, Large Frappes - Strawberries & Cream - 3.25",14.6,CARD,1463211897847964
07/12/2022 10:13,Longridge,Bettye Nichols,Regular Mocha - 2.30,2.3,CARD,4953014936872812
07/12/2022 10:16,Longridge,Peggy Scott,"Regular Speciality Tea - Earl Grey - 1.30, Large Frappes - Strawberries & Cream - 3.25, Large Glass of milk - 1.10",5.65,CASH,
07/12/2022 10:19,Longridge,Loretta Lucero,"Regular Speciality Tea - Earl Grey - 1.30, Regular Mocha - 2.30, Regular Frappes - Strawberries & Cream - 2.75, Large Mocha - 2.70, Regular Mocha - 2.30",11.35,CASH,
07/12/2022 10:22,Longridge,Blake Hall,"Regular Frappes - Strawberries & Cream - 2.75, Regular Flavoured iced latte - Caramel - 2.75",5.5,CASH,
07/12/2022 10:25,Longridge,Debra Williams,"Regular Frappes - Strawberries & Cream - 2.75, Large Flavoured iced latte - Caramel - 3.25, Large Speciality Tea - Earl Grey - 1.60, Large Frappes - Strawberries & Cream - 3.25",10.85,CARD,9977897184730953
07/12/2022 10:29,Longridge,Mary Mcguire,"Large Glass of milk - 1.10, Large Smoothies - Glowing Greens - 2.50",3.6,CASH,
07/12/2022 10:32,Longridge,Raymond Tripp,Regular Flavoured iced latte - Caramel - 2.75,2.75,CARD,1803393044640058
07/12/2022 10:35,Longridge,George Mahnken,"Large Flavoured iced latte - Caramel - 3.25, Regular Glass of milk - 0.70, Regular Glass of milk - 0.70, Regular Smoothies - Glowing Greens - 2.00",6.65,CARD,2557851777623736
07/12/2022 10:38,Longridge,Mamie Holland,"Regular Speciality Tea - Earl Grey - 1.30, Regular Flavoured iced latte - Caramel - 2.75",4.05,CARD,5806124910717271
07/12/2022 10:41,Longridge,Phyllis Armstrong,"Regular Flavoured iced latte - Caramel - 2.75, Regular Speciality Tea - Earl Grey - 1.30, Regular Smoothies - Glowing Greens - 2.00",6.05,CASH,
07/12/2022 10:44,Longridge,Nicole Alvarez,"Regular Smoothies - Glowing Greens - 2.00, Large Frappes - Strawberries & Cream - 3.25, Large Speciality Tea - Earl Grey - 1.60, Regular Frappes - Strawberries & Cream - 2.75",9.6,CARD,1977997395525476
07/12/2022 10:47,Longridge,Darryl Moak,"Large Smoothies - Glowing Greens - 2.50, Regular Flavoured iced latte - Caramel - 2.75, Regular Frappes - Strawberries & Cream - 2.75",8.0,CARD,9856649125277136
07/12/2022 10:51,Longridge,Tracey Graham,"Large Smoothies - Glowing Greens - 2.50, Regular Mocha - 2.30, Regular Mocha - 2.30",7.1,CASH,
07/12/2022 10:54,Longridge,Gregory Livley,Regular Flavoured iced latte - Caramel - 2.75,2.75,CASH,
07/12/2022 10:57,Longridge,Lilly Mcintosh,"Regular Flavoured iced latte - Caramel - 2.75, Large Mocha - 2.70",5.45,CARD,9305279690046335
07/12/2022 11:00,Longridge,Jesse Garcia,"Regular Speciality Tea - Earl Grey - 1.30, Regular Smoothies - Glowing Greens - 2.00, Regular Smoothies - Glowing Greens - 2.00",5.3,CARD,1918242250114211
07/12/2022 11:08,Longridge,Steven Driggers,"Large Glass of milk - 1.10, Regular Mocha - 2.30",3.4,CASH,
07/12/2022 11:15,Longridge,Tammy Johnson,Large Mocha - 2.70,2.7,CARD,4460120372061040
07/12/2022 11:23,Longridge,Clyde Hirz,Large Flavoured iced latte - Caramel - 3.25,3.25,CARD,8147536401200402
07/12/2022 11:30,Longridge,Jose Gillespie,Regular Speciality Tea - Earl Grey - 1.30,1.3,CASH,
07/12/2022 11:38,Longridge,Kenneth Hobson,"Regular Mocha - 2.30, Large Flavoured iced latte - Caramel - 3.25, Regular Speciality Tea - Earl Grey - 1.30",6.85,CARD,8983879274782264
07/12/2022 11:45,Longridge,Erin Hinrichs,Large Flavoured iced latte - Caramel - 3.25,3.25,CASH,
07/12/2022 11:53,Longridge,Clara Hickox,Large Glass of milk - 1.10,1.1,CARD,3887187982676128
07/12/2022 12:00,Longridge,John Stanley,"Large Speciality Tea - Earl Grey - 1.60, Large Mocha - 2.70",4.3,CARD,2430191215975020
07/12/2022 12:06,Longridge,Nancy Miller,Regular Smoothies - Glowing Greens - 2.00,2.0,CASH,
07/12/2022 12:12,Longridge,Adam Scott,"Regular Frappes - Strawberries & Cream - 2.75, Large Frappes - Strawberries & Cream - 3.25, Large Glass of milk - 1.10",7.1,CASH,
07/12/2022 12:18,Longridge,Kareem Bowman,"Regular Flavoured iced latte - Caramel - 2.75, Large Speciality Tea - Earl Grey - 1.60, Regular Speciality Tea - Earl Grey - 1.30, Large Frappes - Strawberries & Cream - 3.25",8.9,CARD,2920588089147746
07/12/2022 12:24,Longridge,Sarah Demonbreun,"Regular Smoothies - Glowing Greens - 2.00, Regular Mocha - 2.30",4.3,CARD,9745019416373837
07/12/2022 12:30,Longridge,James Martin,"Large Mocha - 2.70, Large Glass of milk - 1.10, Regular Mocha - 2.30",6.1,CASH,
07/12/2022 12:36,Longridge,Laverne Byrd,"Large Flavoured iced latte - Caramel - 3.25, Regular Glass of milk - 0.70, Regular Flavoured iced latte - Caramel - 2.75, Large Speciality Tea - Earl Grey - 1.60, Regular Glass of milk - 0.70",9.0,CASH,
07/12/2022 12:42,Longridge,Patsy Walley,Large Glass of milk - 1.10,1.1,CARD,6245784190699116
07/12/2022 12:48,Longridge,Richard Hatchett,Large Smoothies - Glowing Greens - 2.50,2.5,CARD,3608747981286180
07/12/2022 12:54,Longridge,Joshua Watson,"Regular Glass of milk - 0.70, Large Speciality Tea - Earl Grey - 1.60",2.3,CARD,8054273230682175
07/12/2022 13:00,Longridge,Travis Jones,"Large Speciality Tea - Earl Grey - 1.60, Large Flavoured iced latte - Caramel - 3.25",4.85,CARD,4403445862333554
07/12/2022 13:01,Longridge,Darnell Putman,"Regular Smoothies - Glowing Greens - 2.00, Large Glass of milk - 1.10, Regular Glass of milk - 0.70, Large Smoothies - Glowing Greens - 2.50, Large Flavoured iced latte - Caramel - 3.25",9.55,CASH,
07/12/2022 13:02,Longridge,Veronica Monk,"Large Smoothies - Glowing Greens - 2.50, Regular Frappes - Strawberries & Cream - 2.75, Large Frappes - Strawberries & Cream - 3.25",8.5,CASH,
07/12/2022 13:03,Longridge,David Robey,Large Smoothies - Glowing Greens - 2.50,2.5,CASH,
07/12/2022 13:04,Longridge,Marcie Tye,Regular Mocha - 2.30,2.3,CASH,
07/12/2022 13:05,Longridge,Robert Wilkinson,"Regular Speciality Tea - Earl Grey - 1.30, Large Mocha - 2.70, Regular Frappes - Strawberries & Cream - 2.75",6.75,CARD,5566076761158995
07/12/2022 13:06,Longridge,Kevin Hiles,"Large Glass of milk - 1.10, Regular Mocha - 2.30, Large Speciality Tea - Earl Grey - 1.60, Regular Speciality Tea - Earl Grey - 1.30, Regular Frappes - Strawberries & Cream - 2.75",9.05,CARD,1813978408300815
07/12/2022 13:07,Longridge,Bradford Greeley,"Large Mocha - 2.70, Regular Glass of milk - 0.70, Regular Smoothies - Glowing Greens - 2.00, Large Frappes - Strawberries & Cream - 3.25",8.65,CASH,
07/12/2022 13:08,Longridge,George Leray,"Large Smoothies - Glowing Greens - 2.50, Large Mocha - 2.70, Regular Frappes - Strawberries & Cream - 2.75, Regular Flavoured iced latte - Caramel - 2.75",10.7,CARD,6988492665337257
07/12/2022 13:09,Longridge,Marcy Vidal,Regular Smoothies - Glowing Greens - 2.00,2.0,CARD,8645271599464183
07/12/2022 13:10,Longridge,Dianne Moye,Large Smoothies - Glowing Greens - 2.50,2.5,CARD,4288057912667817
07/12/2022 13:10,Longridge,Deane Pickup,"Large Smoothies - Glowing Greens - 2.50, Regular Flavoured iced latte - Caramel - 2.75, Regular Glass of milk - 0.70, Large Flavoured iced latte - Caramel - 3.25",9.2,CARD,3355470709349182
07/12/2022 13:11,Longridge,Eric Scholes,Regular Mocha - 2.30,2.3,CARD,4385086940435180
07/12/2022 13:12,Longridge,Annette Williams,"Large Flavoured iced latte - Caramel - 3.25, Large Mocha - 2.70, Large Speciality Tea - Earl Grey - 1.60, Regular Mocha - 2.30",9.85,CASH,
07/12/2022 13:13,Longridge,Francis Franco,"Large Flavoured iced latte - Caramel - 3.25, Large Smoothies - Glowing Greens - 2.50, Large Flavoured iced latte - Caramel - 3.25",9.0,CARD,4731798207099924
07/12/2022 13:14,Longridge,Blake Santini,"Regular Smoothies - Glowing Greens - 2.00, Large Flavoured iced latte - Caramel - 3.25, Regular Frappes - Strawberries & Cream - 2.75",8.0,CARD,6504788682674912
07/12/2022 13:15,Longridge,John Solomon,Regular Mocha - 2.30,2.3,CARD,7204954964346921
07/12/2022 13:16,Longridge,Bertha Matson,"Large Speciality Tea - Earl Grey - 1.60, Large Glass of milk - 1.10, Large Flavoured iced latte - Caramel - 3.25, Large Glass of milk - 1.10, Regular Flavoured iced latte - Caramel - 2.75",9.8,CASH,
07/12/2022 13:17,Longridge,Mary Lewis,Regular Frappes - Strawberries & Cream - 2.75,2.75,CASH,
07/12/2022 13:18,Longridge,Rose Stewart,Large Glass of milk - 1.10,1.1,CARD,5867998778793550
07/12/2022 13:19,Longridge,John Montenegro,"Regular Speciality Tea - Earl Grey - 1.30, Large Glass of milk - 1.10, Regular Speciality Tea - Earl Grey - 1.30, Regular Speciality Tea - Earl Grey - 1.30, Large Flavoured iced latte - Caramel - 3.25",8.25,CARD,6638789695262947
07/12/2022 13:20,Longridge,Harley West,"Regular Frappes - Strawberries & Cream - 2.75, Large Mocha - 2.70, Large Glass of milk - 1.10, Large Smoothies - Glowing Greens - 2.50",9.05,CARD,4073275515583188
07/12/2022 13:21,Longridge,Robert Spadaro,Regular Smoothies - Glowing Greens - 2.00,2.0,CARD,3643364899150822
07/12/2022 13:22,Longridge,Betty Anderson,"Regular Glass of milk - 0.70, Large Frappes - Strawberries & Cream - 3.25, Large Speciality Tea - Earl Grey - 1.60",5.55,CASH,
07/12/2022 13:23,Longridge,Sean Jacobson,"Large Flavoured iced latte - Caramel - 3.25, Regular Mocha - 2.30",5.55,CARD,5669389865015615
07/12/2022 13:24,Longridge,Jayson Nash,Regular Mocha - 2.30,2.3,CARD,8399272271650705
07/12/2022 13:25,Longridge,Denise Watson,"Large Mocha - 2.70, Regular Smoothies - Glowing Greens - 2.00",4.7,CASH,
07/12/2022 13:26,Longridge,Victoria Goodman,"Regular Flavoured iced latte - Caramel - 2.75, Regular Frappes - Strawberries & Cream - 2.75, Regular Flavoured iced latte - Caramel - 2.75, Large Speciality Tea - Earl Grey - 1.60, Large Frappes - Strawberries & Cream - 3.25",13.1,CARD,2105800002604849
07/12/2022 13:27,Longridge,Judy Sowell,"Regular Flavoured iced latte - Caramel - 2.75, Regular Mocha - 2.30, Large Flavoured iced latte - Caramel - 3.25, Large Flavoured iced latte - Caramel - 3.25",11.55,CASH,
07/12/2022 13:28,Longridge,William Zaldana,"Large Frappes - Strawberries & Cream - 3.25, Regular Frappes - Strawberries & Cream - 2.75, Regular Mocha - 2.30, Large Glass of milk - 1.10, Regular Mocha - 2.30, Regular Frappes - Strawberries & Cream - 2.75",14.45,CARD,7386241406430101
07/12/2022 13:29,Longridge,Karl Griffin,"Regular Frappes - Strawberries & Cream - 2.75, Regular Frappes - Strawberries & Cream - 2.75",5.5,CASH,
07/12/2022 13:29,Longridge,Angel Ates,Large Speciality Tea - Earl Grey - 1.60,1.6,CARD,7372069303290720
07/12/2022 13:30,Longridge,Anna Wilcox,"Regular Smoothies - Glowing Greens - 2.00, Regular Smoothies - Glowing Greens - 2.00, Large Mocha - 2.70, Large Glass of milk - 1.10, Large Frappes - Strawberries & Cream - 3.25",11.05,CARD,6752503774407010
07/12/2022 13:31,Longridge,Hazel White,"Regular Smoothies - Glowing Greens - 2.00, Large Speciality Tea - Earl Grey - 1.60, Large Smoothies - Glowing Greens - 2.50",6.1,CARD,3000555912483133
07/12/2022 13:32,Longridge,Thomas Ash,"Regular Glass of milk - 0.70, Large Flavoured iced latte - Caramel - 3.25",3.95,CARD,4784681043202922
07/12/2022 13:33,Longridge,Brian Hardman,"Large Frappes - Strawberries & Cream - 3.25, Large Smoothies - Glowing Greens - 2.50",5.75,CASH,
07/12/2022 13:34,Longridge,Lisa Hannah,"Regular Mocha - 2.30, Regular Flavoured iced latte - Caramel - 2.75",5.05,CASH,
07/12/2022 13:35,Longridge,Carolyn Benton,"Regular Smoothies - Glowing Greens - 2.00, Large Smoothies - Glowing Greens - 2.50, Regular Frappes - Strawberries & Cream - 2.75",7.25,CARD,1831017336147842
07/12/2022 13:36,Longridge,Margaret Cox,"Large Flavoured iced latte - Caramel - 3.25, Large Speciality Tea - Earl Grey - 1.60, Regular Frappes - Strawberries & Cream - 2.75",7.6,CARD,8661236900291091
07/12/2022 13:37,Longridge,Trevor Rall,"Regular Glass of milk - 0.70, Large Speciality Tea - Earl Grey - 1.60, Regular Frappes - Strawberries & Cream - 2.75",5.05,CARD,7464837138715966
07/12/2022 13:38,Longridge,Rebecca Bradford,Regular Speciality Tea - Earl Grey - 1.30,1.3,CASH,
07/12/2022 13:39,Longridge,Anthony Stroman,Large Flavoured iced latte - Caramel - 3.25,3.25,CARD,2405337650063676
07/12/2022 13:40,Longridge,Roland Gin,"Regular Flavoured iced latte - Caramel - 2.75, Regular Smoothies - Glowing Greens - 2.00, Large Frappes - Strawberries & Cream - 3.25",8.0,CARD,1469009255293372
07/12/2022 13:41,Longridge,John Brafman,Large Mocha - 2.70,2.7,CARD,2028378958416439
07/12/2022 13:42,Longridge,Dennis Filipiak,"Large Glass of milk - 1.10, Large Smoothies - Glowing Greens - 2.50, Large Frappes - Strawberries & Cream - 3.25",6.85,CASH,
07/12/2022 13:43,Longridge,John Noyes,"Large Speciality Tea - Earl Grey - 1.60, Large Flavoured iced latte - Caramel - 3.25, Large Frappes - Strawberries & Cream - 3.25, Large Flavoured iced latte - Caramel - 3.25",11.35,CASH,
07/12/2022 13:44,Longridge,Timothy Mcconnell,"Regular Speciality Tea - Earl Grey - 1.30, Large Glass of milk - 1.10, Regular Mocha - 2.30, Regular Glass of milk - 0.70",5.4,CARD,7067828564179619
07/12/2022 13:45,Longridge,Darron Carter,"Regular Frappes - Strawberries & Cream - 2.75, Regular Flavoured iced latte - Caramel - 2.75",5.5,CASH,
07/12/2022 13:46,Longridge,Stacy Brubaker,Large Frappes - Strawberries & Cream - 3.25,3.25,CARD,9190140160635859
07/12/2022 13:47,Longridge,Gerald Mccray,"Large Mocha - 2.70, Large Frappes - Strawberries & Cream - 3.25, Large Flavoured iced latte - Caramel - 3.25, Regular Smoothies - Glowing Greens - 2.00, Regular Speciality Tea - Earl Grey - 1.30",12.5,CARD,5742342995301341
07/12/2022 13:48,Longridge,Carol Lang,"Regular Glass of milk - 0.70, Regular Speciality Tea - Earl Grey - 1.30, Regular Flavoured iced latte - Caramel - 2.75, Regular Glass of milk - 0.70, Regular Smoothies - Glowing Greens - 2.00",7.45,CASH,
07/12/2022 13:48,Longridge,Nicole Beaulieu,Regular Frappes - Strawberries & Cream - 2.75,2.75,CARD,3653046582685762
07/12/2022 13:49,Longridge,Roberta Johnson,"Large Frappes - Strawberries & Cream - 3.25, Regular Frappes - Strawberries & Cream - 2.75",6.0,CARD,2936505363611777
07/12/2022 13:50,Longridge,Stephen Warnes,"Regular Mocha - 2.30, Large Flavoured iced latte - Caramel - 3.25, Large Flavoured iced latte - Caramel - 3.25",8.8,CASH,
07/12/2022 13:51,Longridge,Diane Bennett,"Regular Flavoured iced latte - Caramel - 2.75, Large Mocha - 2.70, Large Glass of milk - 1.10, Large Flavoured iced latte - Caramel - 3.25, Regular Smoothies - Glowing Greens - 2.00",11.8,CARD,8239310112623196
07/12/2022 13:52,Longridge,Albert Weddle,"Large Frappes - Strawberries & Cream - 3.25, Regular Speciality Tea - Earl Grey - 1.30, Large Speciality Tea - Earl Grey - 1.60, Regular Flavoured iced latte - Caramel - 2.75",8.9,CASH,
07/12/2022 13:53,Longridge,Kaitlyn Johnson,"Regular Frappes - Strawberries & Cream - 2.75, Large Mocha - 2.70",5.45,CASH,
07/12/2022 13:54,Longridge,James Kelley,"Regular Flavoured iced latte - Caramel - 2.75, Regular Glass of milk - 0.70, Large Mocha - 2.70",6.15,CASH,
07/12/2022 13:55,Longridge,Erica Jones,"Large Smoothies - Glowing Greens - 2.50, Large Speciality Tea - Earl Grey - 1.60, Regular Mocha - 2.30, Large Mocha - 2.70",9.1,CASH,
07/12/2022 13:56,Longridge,Mary Angelilli,"Regular Smoothies - Glowing Greens - 2.00, Regular Mocha - 2.30, Large Speciality Tea - Earl Grey - 1.60, Large Glass of milk - 1.10",7.0,CASH,
07/12/2022 13:57,Longridge,Robert Chamberlin,"Regular Speciality Tea - Earl Grey - 1.30, Regular Smoothies - Glowing Greens - 2.00",3.3,CARD,8168171543180373
07/12/2022 13:58,Longridge,Mary Conn,Regular Glass of milk - 0.70,0.7,CARD,9363700324267250
07/12/2022 13:59,Longridge,Ernest Sanders,"Regular Speciality Tea - Earl Grey - 1.30, Regular Speciality Tea - Earl Grey - 1.30",2.6,CARD,7992376134204988
07/12/2022 14:00,Longridge,Beth Lewis,"Regular Speciality Tea - Earl Grey - 1.30, Large Smoothies - Glowing Greens - 2.50, Large Flavoured iced latte - Caramel - 3.25",7.05,CASH,
07/12/2022 14:03,Longridge,Carole Kugler,Regular Smoothies - Glowing Greens - 2.00,2.0,CARD,1187426490922944
07/12/2022 14:06,Longridge,Cheryl Johnson,"Large Mocha - 2.70, Large Flavoured iced latte - Caramel - 3.25, Large Frappes - Strawberries & Cream - 3.25",9.2,CARD,8189415166887123
07/12/2022 14:09,Longridge,Lou Mills,Large Speciality Tea - Earl Grey - 1.60,1.6,CARD,6367103874735073
07/12/2022 14:12,Longridge,Betty Acencio,"Large Smoothies - Glowing Greens - 2.50, Large Frappes - Strawberries & Cream - 3.25",5.75,CASH,
07/12/2022 14:16,Longridge,William Berrier,"Regular Frappes - Strawberries & Cream - 2.75, Large Mocha - 2.70, Regular Mocha - 2.30, Large Frappes - Strawberries & Cream - 3.25, Regular Mocha - 2.30",13.3,CARD,9858432048167670
07/12/2022 14:19,Longridge,Mary Broten,Large Speciality Tea - Earl Grey - 1.60,1.6,CARD,6202219707710402
07/12/2022 14:22,Longridge,Maurice Karp,"Large Glass of milk - 1.10, Regular Speciality Tea - Earl Grey - 1.30, Regular Frappes - Strawberries & Cream - 2.75, Large Flavoured iced latte - Caramel - 3.25, Large Mocha - 2.70, Large Smoothies - Glowing Greens - 2.50",13.6,CASH,
07/12/2022 14:25,Longridge,Gordon Green,Regular Frappes - Strawberries & Cream - 2.75,2.75,CASH,
07/12/2022 14:28,Longridge,Susan Deberry,"Regular Flavoured iced latte - Caramel - 2.75, Large Speciality Tea - Earl Grey - 1.60, Regular Frappes - Strawberries & Cream - 2.75, Regular Frappes - Strawberries & Cream - 2.75",9.85,CASH,
07/12/2022 14:31,Longridge,Freddie Pierson,"Large Speciality Tea - Earl Grey - 1.60, Regular Smoothies - Glowing Greens - 2.00, Large Frappes - Strawberries & Cream - 3.25",6.85,CARD,1584040608424672
07/12/2022 14:35,Longridge,Jennifer King,"Regular Mocha - 2.30, Large Flavoured iced latte - Caramel - 3.25",5.55,CASH,
07/12/2022 14:38,Longridge,Earle Saldivar,"Regular Mocha - 2.30, Regular Speciality Tea - Earl Grey - 1.30, Regular Glass of milk - 0.70",4.3,CARD,9947711409407876
07/12/2022 14:41,Longridge,Donna Griffin,Large Frappes - Strawberries & Cream - 3.25,3.25,CARD,2767591896469993
07/12/2022 14:44,Longridge,Richard Ward,"Regular Frappes - Strawberries & Cream - 2.75, Regular Frappes - Strawberries & Cream - 2.75, Regular Smoothies - Glowing Greens - 2.00, Large Speciality Tea - Earl Grey - 1.60, Regular Flavoured iced latte - Caramel - 2.75, Regular Flavoured iced latte - Caramel - 2.75",14.6,CARD,7647000411927143
07/12/2022 14:47,Longridge,Colleen Miller,"Regular Flavoured iced latte - Caramel - 2.75, Large Speciality Tea - Earl Grey - 1.60, Large Mocha - 2.70",7.05,CASH,
07/12/2022 14:50,Longridge,Richard Shepard,"Regular Frappes - Strawberries & Cream - 2.75, Regular Frappes - Strawberries & Cream - 2.75, Regular Frappes - Strawberries & Cream - 2.75, Regular Smoothies - Glowing Greens - 2.00",10.25,CASH,
07/12/2022 14:53,Longridge,Tina Schwantes,Large Speciality Tea - Earl Grey - 1.60,1.6,CARD,9221079877112180
07/12/2022 14:57,Longridge,James Higginbotham,"Large Frappes - Strawberries & Cream - 3.25, Regular Frappes - Strawberries & Cream - 2.75, Regular Glass of milk - 0.70",6.7,CARD,4607016497160789
07/12/2022 15:00,Longridge,Esther West,"Large Mocha - 2.70, Regular Frappes - Strawberries & Cream - 2.75, Regular Speciality Tea - Earl Grey - 1.30, Large Frappes - Strawberries & Cream - 3.25",10.0,CASH,
07/12/2022 15:01,Longridge,James Ward,"Large Flavoured iced latte - Caramel - 3.25, Regular Mocha - 2.30",5.55,CARD,8234384466417455
07/12/2022 15:02,Longridge,Darlene Stewart,"Regular Speciality Tea - Earl Grey - 1.30, Regular Speciality Tea - Earl Grey - 1.30, Large Flavoured iced latte - Caramel - 3.25, Regular Frappes - Strawberries & Cream - 2.75, Regular Smoothies - Glowing Greens - 2.00",10.6,CASH,
07/12/2022 15:03,Longridge,Sandra Morris,"Large Frappes - Strawberries & Cream - 3.25, Regular Mocha - 2.30",5.55,CARD,6736388302722755
07/12/2022 15:04,Longridge,David Ellis,"Regular Glass of milk - 0.70, Regular Flavoured iced latte - Caramel - 2.75, Regular Speciality Tea - Earl Grey - 1.30, Regular Flavoured iced latte - Caramel - 2.75",7.5,CARD,7033545944355240
07/12/2022 15:05,Longridge,Richard Pellegrino,"Large Speciality Tea - Earl Grey - 1.60, Regular Speciality Tea - Earl Grey - 1.30, Large Smoothies - Glowing Greens - 2.50",5.4,CARD,5177863678320098
07/12/2022 15:06,Longridge,Dorothy Darby,"Large Frappes - Strawberries & Cream - 3.25, Large Smoothies - Glowing Greens - 2.50, Large Flavoured iced latte - Caramel - 3.25",9.0,CARD,9209200056385924
07/12/2022 15:07,Longridge,Jean Delvalle,"Large Mocha - 2.70, Regular Smoothies - Glowing Greens - 2.00, Regular Smoothies - Glowing Greens - 2.00, Large Smoothies - Glowing Greens - 2.50, Large Glass of milk - 1.10, Large Speciality Tea - Earl Grey - 1.60",11.9,CARD,7779669163917453
07/12/2022 15:08,Longridge,Roger Diaz,"Regular Flavoured iced latte - Caramel - 2.75, Large Mocha - 2.70, Regular Speciality Tea - Earl Grey - 1.30",6.75,CARD,2499308314164396
07/12/2022 15:09,Longridge,Joy Moore,"Large Flavoured iced latte - Caramel - 3.25, Large Glass of milk - 1.10, Large Flavoured iced latte - Caramel - 3.25, Large Speciality Tea - Earl Grey - 1.60, Large Glass of milk - 1.10",10.3,CASH,
07/12/2022 15:10,Longridge,Christopher Ray,Large Speciality Tea - Earl Grey - 1.60,1.6,CARD,9312200010653585
07/12/2022 15:11,Longridge,Jeffrey Machuca,Large Flavoured iced latte - Caramel - 3.25,3.25,CARD,1102393913024034
07/12/2022 15:12,Longridge,Jay Schneider,Large Smoothies - Glowing Greens - 2.50,2.5,CASH,
07/12/2022 15:13,Longridge,June Lorenzen,"Regular Smoothies - Glowing Greens - 2.00, Large Mocha - 2.70, Regular Flavoured iced latte - Caramel - 2.75",7.45,CARD,9700181849233083
07/12/2022 15:14,Longridge,Sandra Allen,Large Flavoured iced latte - Caramel - 3.25,3.25,CASH,
07/12/2022 15:15,Longridge,John Fish,"Large Frappes - Strawberries & Cream - 3.25, Large Smoothies - Glowing Greens - 2.50",5.75,CASH,
07/12/2022 15:16,Longridge,Donald Alonzo,"Regular Glass of milk - 0.70, Regular Smoothies - Glowing Greens - 2.00, Large Mocha - 2.70, Large Flavoured iced latte - Caramel - 3.25",8.65,CARD,5148730221777035
07/12/2022 15:17,Longridge,Noel Castaneda,"Regular Mocha - 2.30, Regular Mocha - 2.30, Regular Smoothies - Glowing Greens - 2.00, Regular Flavoured iced latte - Caramel - 2.75",9.35,CASH,
07/12/2022 15:18,Longridge,William Choe,"Regular Smoothies - Glowing Greens - 2.00, Large Smoothies - Glowing Greens - 2.50",4.5,CASH,
07/12/2022 15:19,Longridge,Mabel Navarrette,Large Frappes - Strawberries & Cream - 3.25,3.25,CARD,3069213218264818
07/12/2022 15:20,Longridge,Mary Beckstrom,"Large Flavoured iced latte - Caramel - 3.25, Large Smoothies - Glowing Greens - 2.50, Large Speciality Tea - Earl Grey - 1.60, Large Flavoured iced latte - Caramel - 3.25, Regular Glass of milk - 0.70, Large Flavoured iced latte - Caramel - 3.25",14.55,CARD,8608990213879837
07/12/2022 15:21,Longridge,Jay Snow,"Regular Glass of milk - 0.70, Large Speciality Tea - Earl Grey - 1.60, Regular Frappes - Strawberries & Cream - 2.75",5.05,CASH,
07/12/2022 15:22,Longridge,Esther Garcia,Large Mocha - 2.70,2.7,CARD,2498940302593855
07/12/2022 15:23,Longridge,Kimberly Cason,"Large Speciality Tea - Earl Grey - 1.60, Regular Flavoured iced latte - Caramel - 2.75",4.35,CARD,4572067222201610
07/12/2022 15:25,Longridge,John Conard,"Regular Mocha - 2.30, Regular Flavoured iced latte - Caramel - 2.75",5.05,CASH,
07/12/2022 15:26,Longridge,Maira Kleinschmidt,"Large Flavoured iced latte - Caramel - 3.25, Regular Mocha - 2.30, Large Flavoured iced latte - Caramel - 3.25, Regular Glass of milk - 0.70, Regular Smoothies - Glowing Greens - 2.00, Regular Frappes - Strawberries & Cream - 2.75",14.25,CARD,6284649829364839
07/12/2022 15:27,Longridge,Anthony Brown,"Regular Smoothies - Glowing Greens - 2.00, Regular Flavoured iced latte - Caramel - 2.75, Large Flavoured iced latte - Caramel - 3.25, Large Speciality Tea - Earl Grey - 1.60",9.6,CARD,4810702165724493
07/12/2022 15:28,Longridge,Joy Lau,"Regular Smoothies - Glowing Greens - 2.00, Large Frappes - Strawberries & Cream - 3.25, Large Mocha - 2.70",7.95,CASH,
07/12/2022 15:29,Longridge,Karoline Martin,"Regular Glass of milk - 0.70, Large Flavoured iced latte - Caramel - 3.25",3.95,CASH,
07/12/2022 15:30,Longridge,Jesse Totten,Large Mocha - 2.70,2.7,CARD,3939697677135930
07/12/2022 15:31,Longridge,Stephen Pax,"Large Glass of milk - 1.10, Large Glass of milk - 1.10, Regular Flavoured iced latte - Caramel - 2.75, Large Smoothies - Glowing Greens - 2.50, Regular Glass of milk - 0.70, Large Smoothies - Glowing Greens - 2.50",10.65,CARD,9522638161998076
07/12/2022 15:32,Longridge,Dennis Barberio,"Large Smoothies - Glowing Greens - 2.50, Large Speciality Tea - Earl Grey - 1.60, Regular Mocha - 2.30, Regular Frappes - Strawberries & Cream - 2.75, Large Glass of milk - 1.10",10.25,CARD,7123568587799075
07/12/2022 15:33,Longridge,Ronald Martinez,"Large Glass of milk - 1.10, Large Flavoured iced latte - Caramel - 3.25, Large Glass of milk - 1.10, Regular Glass of milk - 0.70",6.15,CARD,4417222674285563
07/12/2022 15:34,Longridge,Tammy Knight,"Regular Frappes - Strawberries & Cream - 2.75, Large Glass of milk - 1.10",3.85,CASH,
07/12/2022 15:35,Longridge,Robert Osgood,"Regular Frappes - Strawberries & Cream - 2.75, Large Frappes - Strawberries & Cream - 3.25",6.0,CARD,9330498616450680
07/12/2022 15:36,Longridge,Christopher Fortson,"Regular Frappes - Strawberries & Cream - 2.75, Regular Mocha - 2.30",5.05,CARD,5973542768029491
07/12/2022 15:37,Longridge,Andrew Manning,"Large Smoothies - Glowing Greens - 2.50, Large Flavoured iced latte - Caramel - 3.25",5.75,CARD,2876195332595394
07/12/2022 15:38,Longridge,Carolyn Burns,"Large Frappes - Strawberries & Cream - 3.25, Large Glass of milk - 1.10, Large Frappes - Strawberries & Cream - 3.25",7.6,CARD,3792325612582124
07/12/2022 15:39,Longridge,Elizabeth Debell,"Large Flavoured iced latte - Caramel - 3.25, Regular Speciality Tea - Earl Grey - 1.30",4.55,CARD,9452135029684785
07/12/2022 15:40,Longridge,John Zieman,Regular Glass of milk - 0.70,0.7,CARD,4250750846430764
07/12/2022 15:41,Longridge,Christina Jones,Regular Flavoured iced latte - Caramel - 2.75,2.75,CASH,
07/12/2022 15:42,Longridge,David Hough,"Large Glass of milk - 1.10, Regular Glass of milk - 0.70, Large Speciality Tea - Earl Grey - 1.60, Regular Mocha - 2.30",5.7,CARD,2862124898499035
07/12/2022 15:43,Longridge,Anthony Pettinato,"Regular Mocha - 2.30, Regular Frappes - Strawberries & Cream - 2.75, Regular Speciality Tea - Earl Grey - 1.30, Regular Smoothies - Glowing Greens - 2.00, Regular Glass of milk - 0.70, Regular Smoothies - Glowing Greens - 2.00",11.05,CARD,9021421388910747
07/12/2022 15:44,Longridge,Leo Gonzalez,"Large Speciality Tea - Earl Grey - 1.60, Large Flavoured iced latte - Caramel - 3.25, Large Speciality Tea - Earl Grey - 1.60, Regular Frappes - Strawberries & Cream - 2.75",9.2,CARD,9582404404160939
07/12/2022 15:45,Longridge,Lori Harris,"Regular Mocha - 2.30, Regular Mocha - 2.30, Regular Glass of milk - 0.70",5.3,CARD,9306677865198875
07/12/2022 15:46,Longridge,Ronald Reed,"Regular Frappes - Strawberries & Cream - 2.75, Large Frappes - Strawberries & Cream - 3.25, Large Mocha - 2.70",8.7,CASH,
07/12/2022 15:47,Longridge,Josefina Jeanbaptiste,Large Frappes - Strawberries & Cream - 3.25,3.25,CARD,1200206357248370
07/12/2022 15:48,Longridge,Harriett Adams,"Large Flavoured iced latte - Caramel - 3.25, Regular Glass of milk - 0.70, Large Flavoured iced latte - Caramel - 3.25, Regular Flavoured iced latte - Caramel - 2.75",9.95,CARD,1461313937353648
07/12/2022 15:49,Longridge,Norman Mccoy,"Regular Glass of milk - 0.70, Regular Smoothies - Glowing Greens - 2.00, Large Speciality Tea - Earl Grey - 1.60",4.3,CASH,
07/12/2022 15:50,Longridge,Kimiko Mcclure,Large Mocha - 2.70,2.7,CARD,2243428697253054
07/12/2022 15:51,Longridge,Darlene Fuhrman,Regular Smoothies - Glowing Greens - 2.00,2.0,CASH,
07/12/2022 15:52,Longridge,Delores Miller,"Regular Mocha - 2.30, Regular Smoothies - Glowing Greens - 2.00, Large Frappes - Strawberries & Cream - 3.25",7.55,CARD,7498967341926605
07/12/2022 15:53,Longridge,Ruth Peterson,"Regular Mocha - 2.30, Large Frappes - Strawberries & Cream - 3.25",5.55,CARD,6601950204258157
07/12/2022 15:54,Longridge,James Cassity,"Regular Smoothies - Glowing Greens - 2.00, Regular Smoothies - Glowing Greens - 2.00, Regular Speciality Tea - Earl Grey - 1.30, Large Mocha - 2.70",8.0,CARD,2112611169603205
07/12/2022 15:56,Longridge,Christopher Feltner,"Regular Flavoured iced latte - Caramel - 2.75, Regular Smoothies - Glowing Greens - 2.00, Regular Glass of milk - 0.70, Large Frappes - Strawberries & Cream - 3.25, Large Glass of milk - 1.10, Large Flavoured iced latte - Caramel - 3.25",13.05,CARD,1407117403981730
07/12/2022 15:57,Longridge,Linda Wilson,"Regular Mocha - 2.30, Regular Frappes - Strawberries & Cream - 2.75, Large Mocha - 2.70",7.75,CARD,6207382770453028
07/12/2022 15:58,Longridge,Casandra Stamm,"Large Flavoured iced latte - Caramel - 3.25, Regular Frappes - Strawberries & Cream - 2.75, Large Mocha - 2.70, Large Frappes - Strawberries & Cream - 3.25",11.95,CARD,3255014016185894
07/12/2022 15:59,Longridge,Gisela Decastro,Regular Mocha - 2.30,2.3,CASH,
07/12/2022 16:00,Longridge,Jane Rogers,"Large Mocha - 2.70, Large Speciality Tea - Earl Grey - 1.60, Regular Glass of milk - 0.70, Large Frappes - Strawberries & Cream - 3.25, Regular Smoothies - Glowing Greens - 2.00",10.25,CASH,
07/12/2022 16:02,Longridge,Betty Torres,"Large Frappes - Strawberries & Cream - 3.25, Regular Mocha - 2.30",5.55,CASH,
07/12/2022 16:04,Longridge,Monique Nolan,Large Glass of milk - 1.10,1.1,CARD,7922683910641128
07/12/2022 16:06,Longridge,Laura Mcmillan,"Regular Smoothies - Glowing Greens - 2.00, Regular Smoothies - Glowing Greens - 2.00, Regular Frappes - Strawberries & Cream - 2.75, Large Frappes - Strawberries & Cream - 3.25, Large Frappes - Strawberries & Cream - 3.25",13.25,CARD,1721564705795533
07/12/2022 16:08,Longridge,Helen Marsh,Regular Mocha - 2.30,2.3,CARD,2253074248989068
07/12/2022 16:10,Longridge,Rosemary Huelle,"Regular Frappes - Strawberries & Cream - 2.75, Regular Flavoured iced latte - Caramel - 2.75, Large Flavoured iced latte - Caramel - 3.25, Large Smoothies - Glowing Greens - 2.50, Large Glass of milk - 1.10",12.35,CARD,8771423953509055
07/12/2022 16:12,Longridge,Lindsay Garcia,"Large Flavoured iced latte - Caramel - 3.25, Large Frappes - Strawberries & Cream - 3.25",6.5,CARD,5863179123688483
07/12/2022 16:14,Longridge,Kelly Hopper,"Large Speciality Tea - Earl Grey - 1.60, Large Glass of milk - 1.10, Regular Smoothies - Glowing Greens - 2.00",4.7,CARD,2182801462467172
07/12/2022 16:16,Longridge,Barry Matheny,"Regular Smoothies - Glowing Greens - 2.00, Regular Frappes - Strawberries & Cream - 2.75, Regular Speciality Tea - Earl Grey - 1.30, Large Speciality Tea - Earl Grey - 1.60, Large Smoothies - Glowing Greens - 2.50",10.15,CARD,5977595591089308
07/12/2022 16:18,Longridge,Gabriel Cummings,"Regular Frappes - Strawberries & Cream - 2.75, Regular Glass of milk - 0.70",3.45,CARD,9786798601187042
07/12/2022 16:20,Longridge,Archie Moody,Regular Smoothies - Glowing Greens - 2.00,2.0,CASH,
07/12/2022 16:22,Longridge,Amanda Merrigan,Regular Mocha - 2.30,2.3,CARD,7805845096889616
07/12/2022 16:24,Longridge,Mary Shetlar,Regular Glass of milk - 0.70,0.7,CARD,4781674935876044
07/12/2022 16:26,Longridge,George Rose,Regular Glass of milk - 0.70,0.7,CARD,7783934818346232
07/12/2022 16:28,Longridge,Mark Carper,Large Frappes - Strawberries & Cream - 3.25,3.25,CASH,
07/12/2022 16:30,Longridge,Brandon Hamel,"Large Mocha - 2.70, Regular Mocha - 2.30, Large Glass of milk - 1.10, Large Smoothies - Glowing Greens - 2.50",8.6,CARD,1632465694557504
07/12/2022 16:32,Longridge,Cynthia Coleman,"Regular Speciality Tea - Earl Grey - 1.30, Regular Mocha - 2.30, Large Flavoured iced latte - Caramel - 3.25, Large Speciality Tea - Earl Grey - 1.60",8.45,CARD,1784186215366359
07/12/2022 16:34,Longridge,Opal Mcadams,Large Speciality Tea - Earl Grey - 1.60,1.6,CARD,9753071984466968
07/12/2022 16:36,Longridge,Carlos Wymore,"Regular Mocha - 2.30, Regular Glass of milk - 0.70",3.0,CARD,1597284236174413
07/12/2022 16:38,Longridge,Virginia Moss,"Regular Flavoured iced latte - Caramel - 2.75, Regular Speciality Tea - Earl Grey - 1.30",4.05,CARD,6891612310461864
07/12/2022 16:40,Longridge,Beverly Schultz,"Regular Mocha - 2.30, Regular Frappes - Strawberries & Cream - 2.75, Regular Mocha - 2.30, Regular Flavoured iced latte - Caramel - 2.75, Regular Smoothies - Glowing Greens - 2.00",12.1,CARD,7273081795207258
07/12/2022 16:42,Longridge,William Turner,"Large Smoothies - Glowing Greens - 2.50, Regular Flavoured iced latte - Caramel - 2.75, Large Mocha - 2.70, Regular Mocha - 2.30",10.25,CARD,1486612410427723
07/12/2022 16:44,Longridge,Diane Thompson,"Large Speciality Tea - Earl Grey - 1.60, Large Mocha - 2.70, Large Frappes - Strawberries & Cream - 3.25, Regular Frappes - Strawberries & Cream - 2.75",10.3,CARD,6153225635186353
07/12/2022 16:46,Longridge,George Momeni,"Large Speciality Tea - Earl Grey - 1.60, Regular Flavoured iced latte - Caramel - 2.75, Regular Speciality Tea - Earl Grey - 1.30",5.65,CARD,5596794215097623
07/12/2022 16:48,Longridge,Patricia Meadows,"Regular Frappes - Strawberries & Cream - 2.75, Regular Smoothies - Glowing Greens - 2.00",4.75,CARD,8938163920346140
07/12/2022 16:50,Longridge,Jesse Himes,"Regular Smoothies - Glowing Greens - 2.00, Regular Frappes - Strawberries & Cream - 2.75, Regular Glass of milk - 0.70",5.45,CARD,3957563795510265
07/12/2022 16:52,Longridge,Daniele Anderson,"Large Frappes - Strawberries & Cream - 3.25, Large Frappes - Strawberries & Cream - 3.25, Regular Mocha - 2.30",8.8,CASH,
07/12/2022 16:54,Longridge,George Taylor,"Regular Smoothies - Glowing Greens - 2.00, Regular Mocha - 2.30, Large Glass of milk - 1.10",5.4,CASH,
07/12/2022 16:56,Longridge,Josephine Porter,"Large Glass of milk - 1.10, Regular Glass of milk - 0.70, Large Smoothies - Glowing Greens - 2.50, Regular Speciality Tea - Earl Grey - 1.30",5.6,CARD,3646202698630923
07/12/2022 16:58,Longridge,Victor Johnson,Large Glass of milk - 1.10,1.1,CASH,
